:020000040800F2
:1000000048330020A1010008F943000845390008E1
:10001000F5430008F708000829590008000000000F
:10002000000000000000000000000000D54D0008A6
:10003000470A000800000000B14A0008294E0008E5
:10004000BB010008BB010008BB010008BB010008A0
:10005000BB010008BB010008BB010008BB01000890
:10006000BB010008BB010008BB010008BB01000880
:10007000FD080008BB010008BB010008BB01000827
:100080000D0900081D090008BB010008BB0100089C
:10009000BB010008BB010008BB010008BB01000850
:1000A000014F0008BB010008BB010008BB010008AC
:1000B000BB010008BB010008BB010008BB01000830
:1000C000BB010008BB010008BB010008BB01000820
:1000D000BB010008E9580008F95800080959000850
:1000E000BB010008BB010008BB010008BB01000800
:1000F000BB010008BB010008BB010008BB010008F0
:10010000BB010008BB010008BB010008BB010008DF
:1001100069530008AD530008BB010008194F0008DF
:10012000BB010008BB010008BB010008BB010008BF
:10013000BB010008BB010008BB010008BB010008AF
:10014000BB010008BB010008BB010008BB0100089F
:10015000BB0100082D090008BB010008195900085F
:10016000BB010008BB010008BB010008BB0100087F
:10017000BB010008BB010008BB0100080000000033
:10018000BB010008BB010008DFF810D000F076FBCF
:1001900000480047C9730008AFF3008048330020CF
:1001A0000648804706480047FEE7FEE7FEE7FEE711
:1001B000FEE7FEE7FEE7FEE7FEE7FEE7ED4E00089E
:1001C000890100082DE9F05F0546002092469B4614
:1001D00088460646814640241BE02846414647465D
:1001E000224600F07CFA53465A46C01A914110D379
:1001F00011461846224600F063FA2D1A67EB0108F3
:100200004F4622460120002100F05AFA17EB000960
:100210004E41201EA4F10104DFDC484631462A4647
:100220004346BDE8F09FD2B201E000F8012B491E21
:10023000FBD270470022F6E710B513460A46044683
:100240001946FFF7F0FF204610BD30B504460020E8
:10025000034600E05B1C934203D2E05CCD5C401B94
:10026000F8D030BD2DE9FE4F804681EA0300C00F73
:100270000C46009021F0004123F00045B8EB02004D
:10028000A94105D24046214690461C460B460246EF
:1002900023F00040104347D0270DC7F30A00C3F3F3
:1002A0000A510290401A019040286BDAC3F3130000
:1002B00040F4801B0098924620B10023D2EB030A41
:1002C00063EB0B0B01985946C0F14002504600F019
:1002D000F7F906460D4650465946019A00F00FFAC6
:1002E00010EB08006141002487EA115284EAE773A9
:1002F0001A4340D0009A62B3019A012A4FEA07528A
:1003000015DC001B61EB02014FF0004202EA0752CC
:10031000CDE90042001C41F5801132462B4600F029
:1003200046FA03B0BDE8F08F40462146F9E7001BCE
:1003300061EB0201001C41F5801300185B4120189D
:10034000A2F5001747EB030140EAD570B6196D41DD
:1003500011E06D084FEA360645EAC0754FEA0752CC
:10036000001B61EB0201001C41F5801149084FEAB6
:1003700030000019514132462B4603B0BDE8F04F22
:1003800000F006BA0098012240000023D0EB0202E0
:1003900063EBE073009821464FEAE074B8EB00008D
:1003A00061EB0401E9E783F000435BE781F0004182
:1003B00058E72DE9FE4F81EA030404F0004421F0E0
:1003C000004100944FF0000B23F0004350EA010479
:1003D0005ED052EA03045BD0C3F30A54C1F30A555A
:1003E0002C44A4F2F3340194A0FB0254C1F3130192
:1003F00041F48011C3F3130343F4801301FB02445F
:1004000000FB034E840A970A44EA815447EA835763
:10041000A4FB076802958D0A05FB07854FEA932C1C
:1004200004FB0C542705029D4FEA065847EA16378D
:10043000B5EB08056EEB070C870E920E47EA8117A5
:1004400042EA8312A7FB0201B6EB0B0164EB000446
:100450002B0D43EA0C335E1844EB1C50DA46514630
:10046000E7FB0201C5F313044FEA0B3343EA1453CD
:100470004FEA0432019C43EA0603A4F10C040294FF
:10048000009CCDE900B400F092F903B0BDE8F08F14
:1004900000200146F9E72DE9F04D81EA030404F05C
:1004A000004B21F0004514464FF0000A23F00041B4
:1004B00050EA050220D054EA01021DD0C5F30A57C4
:1004C0000246C5F31303C1F31300C1F30A5640F407
:1004D000801543F48013A7EB0608101BD64608F2DC
:1004E000FD3873EB050002D308F1010801E0921812
:1004F0005B41B8F1000F03DA00200146BDE8F08D42
:1005000000204FF48011064684460EE0171B73EB63
:10051000050705D3121B63EB050306434CEA010CE8
:1005200049084FEA300092185B4150EA0107EDD1CB
:1005300052EA030012D082EA040083EA050108436C
:1005400005D0101BAB4106D20122002306E0002299
:100550004FF0004302E06FF0010253101AEB060067
:100560004CEB085110EB0A0041EB0B01BDE8F04DDC
:1005700000F00EB90EB5C10F80EAE0700844CA075A
:10058000002140F233438DE80E000A460B4600F08E
:100590000EF903B000BD70B5C1F30A5201F0004579
:1005A0000024C1F3130140F2FF3341F480119A4259
:1005B00001DA002070BD40F233439A42A2F2334286
:1005C00003DC524200F08BF800E090402C43F1D065
:1005D000404270BDC1F30A5210B5C1F3130140F29D
:1005E000FF3341F480119A4201DA002010BD40F23D
:1005F00033439A42A2F2334203DC524200F06FF8D6
:1006000010BD904010BD00F0004230F000400AD014
:10061000C10D01F56071C0F3160042EA0151C20834
:1006200040071143704700200146704730B5041E53
:1006300071F1000404DB4FF00044404264EB01011F
:10064000141E73F1000405DB1C464FF000435242B8
:1006500063EB0403994208BF904230BD01F00043B0
:1006600030B421F0004150EA010206D00A0DA2F593
:100670006072C1F31301002A02DC30BC0020704715
:10068000440F44EAC104C100E01830BC00EBC25082
:1006900000F047B830B50B46014600202022012467
:1006A00009E021FA02F59D4205D303FA02F5491B40
:1006B00004FA02F52844151EA2F10102F1DC30BD56
:1006C000202A04DB203A00FA02F100207047914012
:1006D000C2F1200320FA03F3194390407047202A07
:1006E00004DB203A21FA02F00021704721FA02F3DC
:1006F000D040C2F120029140084319467047202A99
:1007000006DBCB17203A41FA02F043EAE07306E039
:1007100041FA02F3D040C2F1200291400843194649
:1007200070470029A8BF7047401C490008BF20F04F
:100730000100704710B4B0FA80FC00FA0CF050EAE7
:10074000010404BF10BC704749B1CCF1200421FA68
:1007500004F411FA0CF118BF012121430843A3EB63
:100760000C01CB1D4FEA00614FEA102042BF002070
:1007700010BC704700EBC35010440029A4BF10BC4C
:100780007047401C490008BF20F0010010BC7047B2
:1007900010B5141E73F1000408DA401C41F1000189
:1007A00092185B411A4301D120F0010010BD2DE9E0
:1007B000F04D92469B4611B1B1FA81F202E0B0FAD7
:1007C00080F220329046FFF77BFF04460F4640EA56
:1007D0000A0041EA0B0153465A46084313D011461A
:1007E00053EA010019D0C8F140025046FFF777FFE5
:1007F00005460E46504659464246FFF761FF0843FC
:1008000005D0012004E020463946BDE8F08D0020E7
:10081000054346EAE0762C4337430A986305E40A29
:10082000A0EB08000022FD0A44EA47540A3002D532
:1008300000200146E9E7010510196941DDE9084595
:1008400000196941BDE8F04DA2E7C1F30A52C1F3B6
:10085000130140F2FF3341F480119A4202DA002082
:100860000146704740F233439A42A2F2334202DC1F
:100870005242FFF734BFFFF723BF0000064C074D7D
:1008800006E0E06840F0010394E807009847103460
:10089000AC42F6D3FFF77CFCAC8C0008CC8C000893
:1008A00070B58C1810F8015B15F0070301D110F832
:1008B000013B2A1106D110F8012B03E010F8016B5F
:1008C00001F8016B5B1EF9D12B0705D40023521EE2
:1008D0000DD401F8013BFAE710F8013BCB1A921C4A
:1008E00003E013F8015B01F8015B521EF9D5A14248
:1008F000D8D3002070BD00BFFEE7000010B502484D
:1009000000F016FC10BD0000E004002010B5024805
:1009100000F00EFC10BD00002004002010B50248BD
:1009200000F006FC10BD00008004002010B5024855
:1009300000F0FEFB10BD0000C00300200146087857
:1009400010381823B0FBF3F20848805CC865032A0E
:1009500005D908686FF30900001D886503E0086881
:100960006FF309008865886D704700006C8C000883
:10097000014600208A6A8B69CBB932B1012A0DD0B9
:10098000022A03D0032A10D10EE000BFCB6A03F085
:100990008073B3F1807F00D1012007E0CB6AB3F10F
:1009A000C07F00D1012001E000E000BF34E08B698E
:1009B000B3F5005F1AD132B1012A07D0022A03D061
:1009C000032A11D10AE000BF01200EE0CB6A03F038
:1009D0008073B3F1807F00D1012006E0CB6AB3F1D0
:1009E000C07F00D1012000E000BF15E032B1012A34
:1009F00005D0022A04D0032A0CD103E000BF00BFB7
:100A0000012008E0CB6A03F08073B3F1807F00D14E
:100A1000012000E000BF00BF704730B504682468C3
:100A200024F4802405682C60046863608468402C8A
:100A300004D10468A2600468E16003E00468A16076
:100A40000468E26030BD70477FB506460C46154627
:100A5000002000900190029003908DF80060F32038
:100A60008DF80100AB208DF802008DF803408DF861
:100A700004506B208DF805000621684604F07CFCCC
:100A80007FBD7FB506460C461546002000900190BC
:100A9000029003908DF800609A208DF801008DF887
:100AA00002408DF803506B208DF804000521684644
:100AB00004F062FC7FBD2DE9FF4706460F46154650
:100AC0009846DDE90D9A0C9C002000900190029060
:100AD00003908DF80060FD208DF801008DF8027004
:100AE00028128DF80300E8B28DF804008DF8058017
:100AF000200E8DF80600200C8DF80700200A8DF8D6
:100B00000800E0B28DF809008DF80A908DF80BA06E
:100B10006B208DF80C000D21684604F02DFCBDE81B
:100B2000FF877FB505460C4600200090019002909B
:100B300003908DF80050FE208DF8010098208DF86C
:100B400002008DF803406B208DF8040005216846F3
:100B500004F012FC7FBD1FB50446002000900190F8
:100B6000029003908DF80040FF208DF80100662070
:100B70008DF802006B208DF803000421684604F014
:100B8000FBFB1FBD2DE9FF4105460F4614461E46DF
:100B9000DDF82880002000900190029003908DF8ED
:100BA0000050F6208DF801008DF8027020128DF8AB
:100BB0000300E0B28DF804008DF805608DF8068022
:100BC0006B208DF807000821684604F0D5FBBDE8CE
:100BD000FF8172B600BFFEE770B590B004466A466A
:100BE00032210DA804F06CF80DA9204600F00DF894
:100BF0000DA804F021F8401E86B231460DA804F07D
:100C000049F80546284610B070BD70B504460D463B
:100C10002188284604F0D5F8A178284604F0B1F8D8
:100C2000E178284604F0ADF8E278211D284604F06A
:100C3000B0F8284604F01AF806463146284604F073
:100C4000A0F870BD2DE9F7432DED048B8EB08046E2
:100C500014464FF0010913AB01220A21404600F06F
:100C600011F96946404600F071F8074617BB9DF838
:100C700004509DF84C00854205D007200EB0BDEC15
:100C8000048BBDE8FE839DF805109DF8060041EA3F
:100C9000002006B23046FFF76DFC41EC190B9FEDCA
:100CA000060B53EC102BFFF7F6FB41EC180BFFF78C
:100CB000D5FC20603846E1E7000000000000244039
:100CC0002DE9F7432DED048B8EB0804614464FF08E
:100CD000010913AB01221021404600F0D3F8694608
:100CE000404600F033F807464FBB9DF804509DF88E
:100CF0004C00854205D007200EB0BDEC048BBDE84A
:100D0000FE839DF805109DF8060041EA00219DF83C
:100D1000070041EA00419DF8080041EA00663046BC
:100D2000FFF728FC41EC190B9FED060B53EC102B41
:100D3000FFF7B1FB41EC180BFFF790FC2060384641
:100D4000DAE7000000000000000024402DE9F04137
:100D500005460C46002084F8370000270026642052
:100D600004F03AF887E0A86803F066FF00B982E073
:100D700094F8370000F00800C8B1A86803F0FBFF42
:100D800004F8360F607840F010006070363C204662
:100D9000FFF722FF94F83610884204D004F02CF8B4
:100DA0000620BDE8F08104F027F80020F9E794F868
:100DB000370000F0040080B1A86803F0DCFF211DBB
:100DC000C855781CC7B2E078B84253D194F83700C0
:100DD00040F0080084F837004CE094F8370000F049
:100DE000020088B1A86803F0C6FFE070E0782D2803
:100DF00003DD04F001F80520D3E794F8370040F054
:100E0000040084F8370035E094F8370000F0010062
:100E100088B1A86803F0AFFFA070A078112803DDA7
:100E200003F0EAFF0420BCE794F8370040F002002A
:100E300084F837001EE03EB9A86803F09CFF064620
:100E4000052E17D0002615E0052E12D1A86803F054
:100E500092FF46EA002641F60540864201D0002670
:100E600008E0268094F8370040F0010084F837004D
:100E700000E0002600BF03F0CDFF00283FF473AF71
:100E800002208EE7F0B58FB005460E4614461F4689
:100E900044F61240ADF804008DF806608DF8074066
:100EA000002003E03A5C02A90A54401CA042F9DB8E
:100EB00001A86968FFF7A9FE284604F05FFD0FB09E
:100EC000F0BD00002DE9F0472DED028B86B00646FF
:100ED0000F46B0EE408AF0EE608A14461D46DDE90A
:100EE00010894FF00B0A03AA0B21684603F0E8FEB5
:100EF0009FED390AB4EEC08AF1EE10FA04DD9FEDE1
:100F0000360AB0EE408A0AE09FED340AB4EEC08A99
:100F1000F1EE10FA03D29FED310AB0EE408AB7EE3F
:100F2000000AF4EEC08AF1EE10FA04D2B7EE000A1D
:100F3000F0EE408A0AE09FED2A0AF4EEC08AF1EE54
:100F400010FA03DD9FED260AF0EE408A142C00DA39
:100F50001424142D00DA14253946684603F011FFD5
:100F6000B2EE040A28EE000ABDEEC00A10EE100A26
:100F700001B2684603F01CFFB2EE040A28EE800AB4
:100F8000BCEEC00A10EE100A81B2684603F019FFE9
:100F90002146684603F015FF2946684603F011FF15
:100FA0004146684603F00DFF0DF10D030B220C21A5
:100FB0003046FFF767FFB9F1000F0BD00022B0EE0B
:100FC000480A3946304600F00DF806B0BDEC028BF9
:100FD000BDE8F0870020F8E700003443000034C388
:100FE00000803B44F0B52DED028B81B006460F46E4
:100FF000B0EE408A1446002528E02CB16A463946F6
:101000003046FFF75DFE04E06A4639463046FFF79A
:1010100019FE9DED000A38EE400AF0EEC08AB7EEE8
:10102000000AF4EEC08AF1EE10FA04D8002001B0F4
:10103000BDEC028BF0BD681C85B242F21070854297
:1010400001DB0120F3E7642000F052FAD5E710B588
:1010500003F0EEFE04F06AFC10BD70B50446A56D09
:1010600000F05AFB064694F83500022808D080208C
:10107000606500BF002084F8340000BF012070BD0F
:101080002068006820F01600216808602068406928
:1010900020F0800021684861206C08B9A06C28B15C
:1010A0002068006820F00800216808602068006857
:1010B00020F001002168086010E000F02DFB801B8B
:1010C00005280BD920206065032084F8350000BF77
:1010D000002084F8340000BF0320D0E720680068B7
:1010E00000F001000028E8D194F85C103F2088400F
:1010F000A860012084F8350000BF002084F8340087
:1011000000BF00BFBBE7014691F83500022803D0BD
:101110008020486501207047052081F83500086867
:10112000006820F001000A6810600020F3E700006A
:10113000F8B50446002000908C4800684FF4165122
:10114000B0FBF1F7A56D2E6894F85C10082088407C
:10115000304098B12068006800F0040070B1206849
:10116000006820F004002168086094F85C100820F2
:101170008840A860606D40F00100606594F85C10E4
:1011800001208840304068B12068406900F080004C
:1011900040B194F85C1001208840A860606D40F078
:1011A0000200606594F85C1004208840304068B10B
:1011B0002068006800F0020040B194F85C10042040
:1011C0008840A860606D40F00400606594F85C1091
:1011D00010208840304078B32068006800F0080094
:1011E00050B394F85C1010208840A8602068006814
:1011F00000F4802080B12068006800F4002028B945
:10120000206CC8B12046216C884715E0A06C98B1CD
:101210002046A16C88470FE02068006800F48070C9
:1012200028B92068006820F0080021680860206C58
:1012300010B12046216C884794F85C10202088402B
:101240003040002865D02068006800F010000028B9
:101250005FD094F85C1020208840A86094F8350096
:10126000052828D12068006820F016002168086051
:101270002068406920F0800021684861206C08B92E
:10128000A06C28B12068006820F008002168086080
:1012900094F85C103F208840A860012084F8350055
:1012A00000BF002084F8340000BF206D10B120463C
:1012B000216D8847F8BD2068006800F4802080B167
:1012C0002068006800F4002028B9606C10B1204646
:1012D000616C88471DE0E06BD8B12046E16B884720
:1012E00017E02068006800F4807068B92068006822
:1012F00020F0100021680860012084F8350000BF4C
:10130000002084F8340000BFE06B10B12046E16B90
:101310008847606D38B3606D00F00100F0B10520C2
:1013200084F835002068006820F00100216808601A
:1013300000BF0098401C0090B84200D905E020682A
:10134000006800F001000028F3D100BF012084F8FC
:10135000350000BF002084F8340000BFE06C10B1FD
:101360002046E16C884700BFA4E700001000002081
:101370002DE9F0410446002500F0CEF9074614B9E6
:101380000120BDE8F081606A00B100BF022084F84E
:10139000350000BF002084F8340000BF20680068DA
:1013A00020F00100216808600AE000F0B5F9C01BD8
:1013B000052805D920206065032084F83500E0E782
:1013C0002068006800F001000028EED12068056860
:1013D00021480540D4E901010843E1680843216937
:1013E000084361690843A1690843E1690843216A28
:1013F00008430543606A042803D1D4E90B0108437C
:101400000543206805602068456925F00705606A86
:101410000543606A04280DD1A06A0543E06A48B11B
:101420002046FFF7A5FA28B140206065012084F826
:101430003500A6E7206845612046FFF77FFA06469B
:1014400094F85C103F208840B06000206065012067
:1014500084F83500002094E73F8010F02DE9F04734
:1014600004460D4616461F464FF00008D4F8589023
:1014700000BF94F83400012802D10220BDE8F087B3
:10148000012084F8340000BF94F83500012825D1EC
:10149000022084F83500002060653B46324629462C
:1014A0002046FFF7BAFA94F85C103F208840C9F84C
:1014B00008002068006840F0160021680860206C71
:1014C00028B12068006840F00800216808602068A2
:1014D000006840F001002168086006E000BF0020BD
:1014E00084F8340000BF4FF002084046C6E7000011
:1014F00070B5044600F010F906462546681C10B188
:1015000004480078054400BF00F006F9801BA8429B
:10151000FAD370BD0C000020F8B502460B4600253A
:10152000002400200021D6E0012606FA01F51E68FD
:1015300006EA0504AC4274D11E7906F00306012EBA
:1015400004D01E7906F00306022E13D190684F00D6
:101550000326BE40B0434F00DE68BE40304390607B
:10156000506801268E40B0431E79C6F300168E40A7
:10157000304350601E7906F00306032E09D0D06870
:101580004F000326BE40B0434F009E68BE4030432C
:10159000D0601E7906F00306022E13D1CF0802F1A7
:1015A000200656F827004E07F70E0F26BE40B04320
:1015B0004F07FF0E1E69BE403043CF0802F12006E0
:1015C00046F8270010684F000326BE40B0431E793E
:1015D00006F003064F00BE40304310605E6806F41C
:1015E0004036002E76D000BF002600963C4E36686E
:1015F00046F480463A4F3E603E46366806F48046E2
:10160000009600BF00BF374E8F0856F827008E07A0
:10161000370F0F26BE40B043334EB24202D10026F0
:1016200024E057E0314EB24201D101261EE0304E97
:10163000B24201D1022619E02E4EB24201D1032658
:1016400014E02D4EB24201D104260FE02B4EB242DF
:1016500001D105260AE02A4EB24201D1062605E054
:10166000284EB24201D1072600E008268F073F0F1F
:10167000BE4030431B4E8F0846F82700224E30688C
:10168000A0435E6806F4801606B120431E4E30600B
:10169000361D3068A0435E6806F4001606B120438C
:1016A000194E361D3060184E361F3068A0435E68F4
:1016B00006F4003606B12043134E361F3060361F45
:1016C0003068A0435E6806F4803606B120430E4EB3
:1016D000083E3060491C1029FFF426AFF8BD000019
:1016E0004438024008380140000002400004024033
:1016F00000080240000C02400010024000140240AA
:1017000000180240001C0240083C01400AB18161FF
:1017100001E00B04836170470148006870470000D6
:10172000040000200348006803490978084401497F
:1017300008607047040000200C00002010B50D4820
:10174000006840F400700B4908600846006840F4E7
:10175000806008600846006840F4807008600320DC
:1017600000F0A6F80F2000F007F800F02BF800209A
:1017700010BD0000003C024070B504460E480078E1
:101780004FF47A71B1FBF0F00C490968B1FBF0F548
:10179000284600F02FFC08B1012070BD102C07D2A4
:1017A00000222146501E00F045F80548046001E083
:1017B0000120F2E70020F0E70C00002010000020DC
:1017C0000800002008B500BF002000900E48006807
:1017D00040F480400C4908600846006800F48040EE
:1017E000009000BF00BF00BF00200090081F0068ED
:1017F00040F08050091F08600846006800F08050E3
:10180000009000BF00BF08BD4438024001460846B2
:1018100000280DDB00BF00BF00F01F0301229A402B
:1018200043099B0003F1E023C3F8002100BF00BF80
:1018300000BF70472DE9F05F80460D461646002731
:1018400004F060F9074639462A46334601F007009E
:10185000C0F1070ABAF1040F02D94FF0040A01E0FF
:10186000C0F1070AD14600F1040ABAF1070F02D20B
:101870004FF0000A01E0A0F1030AD4464FF0010A3C
:101880000AFA09FAAAF1010A0AEA020A0AFA0CFAA1
:101890004FF0010B0BFA0CFBABF1010B0BEA030B46
:1018A0004AEA0B042146404604F034F9BDE8F09FB3
:1018B00000BF00F00702064B19684FF6FF031940FE
:1018C000044B0B4343EA0221014B196000BF7047F0
:1018D0000CED00E00000FA0570B504460D460CB9A9
:1018E000012070BD5848006800F00700A84209D2E6
:1018F00055490D700846006800F00700A84201D065
:101900000120EEE7207800F0020002281DD12078A7
:1019100000F00400042805D14C48006840F4E05071
:101920004A490860207800F00800082805D1474897
:10193000006840F46040454908604448006820F071
:10194000F000A168084341490860207800F00100D8
:10195000A8B36068012807D13C4808380068C0F384
:101960004040B8B90120BCE76068022802D0606836
:10197000032807D1354808380068C0F3406048B9EB
:101980000120AEE7314808380068C0F3400008B9CC
:101990000120A6E72D48006820F003006168084395
:1019A0002A490860FFF7B8FE064609E0FFF7B4FED3
:1019B000801B41F28831884202D9032091E707E079
:1019C0002248006800F00C006168B0EB810FEDD197
:1019D0001D48006800F00700A84209D91A490D7097
:1019E0000846006800F00700A84201D0012078E70F
:1019F000207800F00400042807D11448006820F47F
:101A0000E050E168084311490860207800F00800C0
:101A1000082808D10D48006820F46040216940EA98
:101A2000C1000A49086000F03FF808490968C1F39D
:101A30000311074A515CC84006490860064800681F
:101A4000FFF79AFE00204CE7003C024008380240B5
:101A5000748C000810000020080000200148006875
:101A6000704700001000002000B5FFF7F7FF0449A1
:101A70000968C1F38221034A515CC84000BD0000DF
:101A800008380240848C000800B5FFF7E7FF0449DE
:101A90000968C1F34231034A515CC84000BD0000EF
:101AA00008380240848C00082DE9F0470024002506
:101AB0000026A1462548006800F00C0020B104284B
:101AC00005D008283AD105E0DFF8849039E0DFF846
:101AD000849036E01D48001F006800F03F041B485A
:101AE000001F006800F4800078B11A481749091FE8
:101AF0000968C1F38811A0FB01700146224600234A
:101B00003846FEF75FFB05460EE011480F49091FF6
:101B10000968C1F38811A0FB017001462246002329
:101B20003846FEF74FFB05460848001F0068C0F323
:101B30000140401C4600B5FBF6F902E0DFF81090CA
:101B400000BF00BF4846BDE8F087000008380240EB
:101B50000024F40040787D01F8B504460CB901205A
:101B6000F8BD207800F00100002874D0F948006822
:101B700000F00C0004280DD0F648006800F00C00BE
:101B8000082813D1F348001F006800F48000B0F566
:101B9000800F0BD1EF4808380068C0F340400028A0
:101BA00059D06068002856D10120D9E700BF60688D
:101BB000B0F5803F08D1E7480838006840F480302D
:101BC000E449083908601EE06068B0F5A02F0DD127
:101BD000E0480838006840F48020DE490839086091
:101BE0000846006840F4803008600CE0D9480838A6
:101BF000006820F48030D74908390860084600683A
:101C000020F48020086000BF606890B1FFF784FD79
:101C1000054606E0FFF780FD401B642801D903203C
:101C20009EE7CC4808380068C0F340400028F1D057
:101C300011E0FFF771FD054606E0FFF76DFD401B63
:101C4000642801D903208BE7C24808380068C0F334
:101C500040400028F1D1207800F0020002285FD136
:101C6000BC48006800F00C0058B1BA48006800F0A9
:101C70000C0008281CD1B748001F006800F4800041
:101C8000B0B9B44808380068C0F3400020B1E0683B
:101C9000012801D0012063E7AE480838006820F031
:101CA000F800216940EAC100AA490839086037E014
:101CB000E06800B30120A8490860FFF72DFD054644
:101CC00006E0FFF729FD401B022801D9032047E762
:101CD000A04808380068C0F340000028F1D09D48B3
:101CE0000838006820F0F800216940EAC1009949ED
:101CF0000839086014E0002097490860FFF70CFDE0
:101D0000054606E0FFF708FD401B022801D9032025
:101D100026E7904808380068C0F340000028F1D159
:101D2000207800F0080008282CD16069A8B10120B3
:101D30008A490860FFF7F0FC054606E0FFF7ECFC77
:101D4000401B022801D903200AE782486C30006852
:101D5000C0F340000028F1D014E000207F49086063
:101D6000FFF7DAFC054606E0FFF7D6FC401B022829
:101D700001D90320F4E677486C300068C0F34000D6
:101D80000028F1D1207800F00400042870D1002749
:101D900070483830006800F0805090B900BF0020D3
:101DA00000906C483830006840F080506949383104
:101DB00008600846006800F08050009000BF00BF37
:101DC00001276748006800F48070B0B96448006873
:101DD00040F4807062490860FFF79EFC054606E00B
:101DE000FFF79AFC401B022801D90320B8E65C48A3
:101DF000006800F480700028F2D000BFA0680128BD
:101E000008D154486830006840F0010051496831F9
:101E100008601DE0A06805280DD14E4868300068B4
:101E200040F004004B49683108600846006840F003
:101E3000010008600CE047486830006820F00100AD
:101E40004449683108600846006820F004000860D2
:101E500000BFA068A8B1FFF75FFC054609E0FFF7E7
:101E60005BFC401B41F28831884202D9032077E6AF
:101E700026E0384868300068C0F340000028EED003
:101E800013E0FFF749FC054608E0FFF745FC401B5F
:101E900041F28831884201D9032061E62D4868303B
:101EA0000068C0F340000028EFD1012F07D1294876
:101EB0003830006820F0805026493831086000BF73
:101EC000A069002845D02348006800F00C000828CD
:101ED0005DD0A069022845D100201F490866FFF7A0
:101EE0001BFC054606E0FFF717FC401B022801D942
:101EF000032035E6174808380068C0F34060002822
:101F0000F1D1D4E907010843616A40EA8111012255
:101F1000A06AC2EB500041EA00412C20005D41EA7A
:101F200000600C49091F086001200B490866FFF793
:101F3000F3FB054606E0FFF7EFFB401B022801D943
:101F400003200DE6034808380068C0F3406000280D
:101F5000F1D049E00838024000004742800E474275
:101F600000700040002021490866FFF7D5FB0546B8
:101F700006E0FFF7D1FB401B022801D90320EFE563
:101F80001B480068C0F340600028F2D12CE0A06933
:101F9000012800D1E4E51648001D0668A069012863
:101FA00020D006F48001E06981421BD106F03F0198
:101FB000206A814216D147F6C0703040616AB0EBAA
:101FC000811F0FD106F440310122A06AC2EB5000FC
:101FD000B1EB004F06D106F070612C20005DB1EB33
:101FE000006F01D00120BBE50020B9E500004742A9
:101FF0000038024070B504462546681EB0F1807F67
:1020000001D301200FE0681E4FF0E02148610F214D
:102010004FF0FF3003F07EFD00204FF0E02188619B
:1020200007200861002070BD7047704710B5034657
:10203000002200BF93F83C00012801D1022010BD0E
:10204000012083F83C0000BF22F0FF00CC6840EA8A
:10205000040222F440708C6840EA040222F480609A
:102060004C6840EA040222F400600C6840EA040272
:1020700022F480500C6940EA040222F400504C69BA
:1020800040EA040222F48040CC6940EA0402186865
:10209000426400BF002083F83C0000BF00BFCEE7D1
:1020A00030B502460B4600BF92F83C00012801D132
:1020B000022030BD012082F83C0000BF022082F8DF
:1020C0003D00106844681068816824F07004186846
:1020D000044310684460184D1068A8421BD0106873
:1020E000B0F1804F17D0154D1068A84213D0144D91
:1020F0001068A8420FD0134D1068A8420BD0124DA3
:102100001068A84207D0114D1068A84203D0104DA6
:102110001068A84205D121F0800158680143106879
:102120008160012082F83D0000BF002082F83C0061
:1021300000BF00BFBDE700000000014000040040F8
:1021400000080040000C0040000401400040014035
:102150000018004010B504460CB9012010BD94F8D9
:102160003D0028B9002084F83C00204600F026F805
:10217000022084F83D00211D206802F0D5FE0120D8
:1021800084F8460000BF84F83E0001213F2001553D
:10219000402001554120015500BF00BF012084F8B7
:1021A000420043200155442001554520015500BF00
:1021B000012084F83D000020D0E7000038B5044637
:1021C0009A49206888423CD100BF0020009098487E
:1021D000006840F00100964908600846006800F079
:1021E0000100009000BF00BF9248934908604FF083
:1021F000406048604021904881600021C1604FF4F8
:102200008061016189004161890081610021C161B2
:102210004FF48031016200214162FFF7A9F808B153
:10222000FEF7D7FC00BF8449E1620846846300BF23
:10223000002211461820FFF7FDFA1820FFF7E6FAF2
:10224000F3E02068B0F1804F7ED100BF0020009005
:102250007748001F006840F001007549091F0860B9
:102260000846006800F00100009000BF00BF7348FE
:10227000734908604FF0C060486040217048816039
:102280000021C1604FF480610161890041618900D2
:1022900081610021C1614FF48031016200214162FE
:1022A000FFF766F808B1FEF794FC00BF644961626D
:1022B0000846846300BF61481830624908604FF0E7
:1022C000C060486040215F4881600021C1604FF4D8
:1022D0008061016189004161890081610021C161E2
:1022E0004FF48031016200214162FFF741F808B1EB
:1022F000FEF76FFC00BF5349A1620846846300BF2C
:1023000000BF2163846300BF4C4860384E490860B9
:102310004FF0C060486040214B4881600021C1609F
:102320004FF4806101618900416189008161002170
:10233000C1614FF48031016200214162FFF718F85A
:1023400008B1FEF746FC00E009E000BF3E4820620D
:10235000846300BF00BF0146E162846365E03B49DE
:10236000206888421AD100BF002000903048001F2A
:10237000006840F020002E49091F086008460068E8
:1023800000F02000009000BF00BF0022114637205F
:10239000FFF750FA3720FFF739FA46E02C4920685A
:1023A00088420FD100BF002000902148006840F013
:1023B00002001F4908600846006800F00200009013
:1023C00000BF32E023492068884218D100BF0020B6
:1023D00000901748006840F48030154908600846AE
:1023E000006800F48030009000BF00BF002211465A
:1023F0001820FFF71FFA1820FFF708FA15E0164912
:102400002068884211D100BF002000900848001FBA
:10241000006840F040000649091F0860084600684F
:1024200000F04000009000BF00BF38BD0000014038
:1024300044380240A0640240C0030020886002408B
:102440002004002080040020E0040020001400404C
:102450000004014000400140001800402DE9F04117
:1024600004460D46002700BF94F83C00012802D125
:102470000220BDE8F081012084F83C0000BF02206A
:1024800084F83D002068866826F0770626F47F46AB
:10249000206886602868502833D00CDC202850D073
:1024A00004DC00284BD0102851D149E0302849D015
:1024B00040284CD139E060282DD0702807D0B0F5E5
:1024C000805F03D0B0F5005F41D10DE041E0D5E978
:1024D00002136A68206802F02FFE2068866846F0C2
:1024E00077062068866034E0D5E902136A682068C0
:1024F00002F022FE2068806840F4804021688860F5
:1025000027E0EA686968206802F006FF5021206829
:1025100002F01DFE1DE0EA686968206802F00FFF06
:102520006021206802F013FE13E0EA686968206801
:1025300002F0F2FE4021206802F009FE09E000BF2F
:1025400000BF00BF2968206802F001FE01E00127FA
:1025500000BF00BF012084F83D0000BF002084F8C8
:102560003C0000BF384684E72DE9F04104460D46A3
:1025700014B90120BDE8F08194F83D0028B900208D
:1025800084F83C00204600F053F8022084F83D0017
:102590002068806844F20701884321688860211D13
:1025A000206802F0C1FC2068D0F8088020688669A5
:1025B0002068076A286840EA080840F2033086432A
:1025C000A969A86840EA0120064340F60C4086430A
:1025D0004FF2F0008643E969E86840EA01200643CB
:1025E00028690001296A40EA0130064327F02207E2
:1025F00027F088076969686840EA01100743206886
:10260000C0F808802068866120680762012084F88D
:10261000460084F83E0001213F200155012084F846
:10262000420043200155012084F83D000020A1E72D
:1026300010B586B00446142101A8FDF7FBFD4F49F3
:10264000206888422FD100BF002000904C480068CD
:1026500040F002004A4908600846006800F00200A5
:10266000009000BF00BF00BF002000904448103819
:10267000006840F0010042491039086008460068CF
:1026800000F00100009000BF00BFC02001900220B8
:1026900002900020039004900220059001A939487F
:1026A000FEF73AFF67E038492068884230D100BF22
:1026B000002000903248006840F004003049086073
:1026C0000846006800F00400009000BF00BF00BF93
:1026D000002000902A481038006840F0080028497F
:1026E000103908600846006800F00800009000BF3C
:1026F00000BF4FF440500190022002900020039050
:1027000004900220059001A92048FEF705FF32E061
:102710001F49206888422ED100BF00200090184831
:10272000006840F00800164908600846006800F09C
:102730000800009000BF00BF00BF002000901048BC
:102740001038006840F001000D4910390860084653
:10275000006800F00100009000BF00BF032001905E
:10276000022002900020039004900220059001A90D
:102770000448FEF7D1FE06B010BD00000004004082
:10278000403802400000024000080040000C0240B7
:10279000000C00407047704770B504462068C5685B
:1027A0002068066906F00200022819D105F002002F
:1027B000022815D1401F2168086101202077206878
:1027C000806900F0030018B12046FFF7E4FF05E040
:1027D000204600F031F9204600F0E6F9002020778D
:1027E00006F00400042819D105F00400042815D1CE
:1027F000C04321680861022020772068806900F4C6
:10280000407018B12046FFF7C6FF05E0204600F0F3
:1028100013F9204600F0C8F90020207706F00800E0
:10282000082819D105F00800082815D1C0432168EF
:102830000861042020772068C06900F0030018B107
:102840002046FFF7A8FF05E0204600F0F5F82046F7
:1028500000F0AAF90020207706F01000102819D106
:1028600005F01000102815D1C04321680861082028
:1028700020772068C06900F4407018B12046FFF747
:102880008AFF05E0204600F0D7F8204600F08CF9DA
:102890000020207706F0010048B105F0010030B1BA
:1028A0006FF0010021680861204600F0C5FB06F0CA
:1028B0008000802809D105F08000802805D1C04320
:1028C000216808612046FFF7AFFB06F04000402872
:1028D00009D105F04000402805D1C04321680861B6
:1028E000204600F0BDFB06F02000202809D105F0AD
:1028F0002000202805D1C043216808612046FFF749
:1029000094FB70BD10B586B00446142101A8FDF7F4
:1029100091FC4249206888421ED100BF00200090EF
:102920003F48006840F010003D49086008460068D4
:1029300000F01000009000BF00BF4FF40050019065
:10294000022002900020039004900120059001A92C
:102950003448FEF7E1FD5FE02068B0F1804F39D1E7
:1029600000BF002000902E48006840F001002C4974
:1029700008600846006800F00100009000BF00BF3A
:1029800000BF002000900846006840F00200086088
:102990000846006800F00200009000BF00BF2C2035
:1029A00001900220029000200390049001200590E5
:1029B00001A91D48FEF7B0FD0820019002200290F9
:1029C0000020039004900120059001A91748FEF70C
:1029D000A3FD21E01649206888421DD100BF0020D8
:1029E00000900F48006840F004000D490860084658
:1029F000006800F00400009000BF00BF4FF440707A
:102A00000190022002900020039004900320059082
:102A100001A90848FEF780FD06B010BD0000014086
:102A20003038024000100240000002400004024022
:102A3000000401400008024070472DE9F0410446BF
:102A40000D461646002700BF94F83C00012802D12D
:102A50000220BDE8F081012084F83C0000BF36B1BF
:102A6000042E1BD0082E31D00C2E5ED145E0294615
:102A7000206802F075FB2068806940F0080021683A
:102A800088612068806920F00400216888612068DE
:102A90008069296908432168886148E029462068DF
:102AA00002F096FB2068806940F40060216888612C
:102AB0002068806920F480602168886120688069CE
:102AC000296940EA01202168886130E029462068B0
:102AD00002F0BCFB2068C06940F008002168C861B2
:102AE0002068C06920F004002168C8612068C069BE
:102AF000296908432168C86119E02946206802F065
:102B0000E1FB2068C06940F400602168C86120686A
:102B1000C06920F480602168C8612068C0692969A3
:102B200040EA01202168C86101E0012700BF00BF21
:102B300000BF002084F83C0000BF384689E710B58C
:102B400004460CB9012010BD94F83D0028B90020BE
:102B500084F83C00204600F025F8022084F83D006F
:102B6000211D206802F0E0F9012084F8460000BF32
:102B700084F83E0001213F200155402001554120AD
:102B8000015500BF00BF012084F8420043200155D9
:102B9000442001554520015500BF012084F83D0027
:102BA0000020D0E77047000010B504462068B0F15F
:102BB000804F06D1207F042803D10821014800F06E
:102BC000B1F910BD800100207047000070B50446C7
:102BD0000D4615B994F83E000BE0042D02D13F20BC
:102BE000005D06E0082D02D14020005D01E041209B
:102BF000005D012801D0012070BD1DB9022084F8BC
:102C00003E000EE0042D03D102213F20015508E0D3
:102C1000082D03D102214020015502E0022141206C
:102C2000015501222946206802F0F2F92349206863
:102C3000884203D022492068884201D1012000E067
:102C4000002028B12068406C40F4004021684864AE
:102C50001A49206888421BD02068B0F1804F17D0F5
:102C600018492068884213D01749206888420FD03D
:102C70001649206888420BD011492068884207D045
:102C800013492068884203D01249206888420CD139
:102C90002068806800F00706062E0CD020680068C7
:102CA00040F001002168086005E02068006840F0FD
:102CB00001002168086000209EE70000000001403C
:102CC000000401400004004000080040000C0040E7
:102CD00000400140001800402DE9F04704460D4631
:102CE00016461F464FF0000815B994F83E000BE059
:102CF000042D02D13F20005D06E0082D02D14020C6
:102D0000005D01E04120005D022801D1BDE8F087AF
:102D100015B994F83E000BE0042D02D13F20005D70
:102D200006E0082D02D14020005D01E04120005D59
:102D3000012818D106B10FB90120E7E71DB902201B
:102D400084F83E0011E0042D03D102213F200155FB
:102D50000BE0082D03D102214020015505E002219E
:102D60004120015501E00120D0E735B1042D1FD0ED
:102D7000082D38D00C2D6CD150E06049606AC163D9
:102D80005F49606A01645F49606AC164216801F15A
:102D900034023B463146606AFEF760FB08B1012011
:102DA000B4E72068C06840F400702168C86053E050
:102DB0005249A06AC1635249A06A01645149A06A9C
:102DC000C164216801F138023B463146A06AFEF732
:102DD00045FB08B1012099E72068C06840F4806095
:102DE0002168C86038E04549E06AC1634449E06A47
:102DF00001644449E06AC164216801F13C023B4638
:102E00003146E06AFEF72AFB08B101207EE7206820
:102E1000C06840F400602168C8601DE03749206B3D
:102E2000C1633749206B01643649206BC164216856
:102E300001F140023B463146206BFEF70FFB08B123
:102E4000012063E72068C06840F480502168C860B2
:102E500002E04FF0010800BF00BFB8F1000F4AD1F7
:102E600001222946206802F0D3F8274920688842C9
:102E700003D026492068884201D1012000E00020CB
:102E800028B12068406C40F40040216848641E4925
:102E9000206888421BD02068B0F1804F17D01C49B1
:102EA0002068884213D01B49206888420FD01A49F5
:102EB000206888420BD015492068884207D01749FE
:102EC0002068884203D01649206888420DD12068C6
:102ED000806800F00709B9F1060F0CD0206800687F
:102EE00040F001002168086005E02068006840F0BB
:102EF000010021680860404608E7000033500008E0
:102F00009B500008DB500008000001400004014015
:102F10000004004000080040000C00400040014058
:102F20000018004070B504460D46002635B1042D4A
:102F30000ED0082D16D00C2D28D11DE02068C068B9
:102F400020F400702168C860606AFEF7DCF81FE0BA
:102F50002068C06820F480602168C860A06AFEF71D
:102F6000D2F815E02068C06820F400602168C860CD
:102F7000E06AFEF7C8F80BE02068C06820F48050D3
:102F80002168C860206BFEF7BEF801E0012600BF93
:102F900000BF002E4AD100222946206802F038F8EE
:102FA00023492068884203D022492068884201D101
:102FB000012000E0002090B100BF2068006A41F2CB
:102FC0001111084050B92068006A8910084028B9DA
:102FD0002068406C20F400402168486400BF00BFB6
:102FE0002068006A41F21111084050B92068006A57
:102FF0008910084028B92068006820F00100216885
:10300000086000BF1DB9012084F83E000EE0042DC9
:1030100003D101213F20015508E0082D03D10121F2
:103020004020015502E0012141200155304670BD8C
:103030000000014000040140074A0168914209D1A3
:1030400006490968491C054A11601146096809B119
:103050000021116070470000001400405000002063
:1030600070477047704700002DE9F84F044620680C
:1030700005682068C668206847694FF00009CA469D
:1030800005F00F09B9F1000F0AD105F0200038B1A1
:1030900006F0200020B1204602F0E0F9BDE8F88FEC
:1030A000B9F1000F7CD007F0010018B906F4907058
:1030B000002875D005F0010030B106F4807018B119
:1030C000606C40F00100606405F0040030B107F06E
:1030D000010018B1606C40F00200606405F002006D
:1030E00030B107F0010018B1606C40F0040060647A
:1030F00005F0080048B106F0200010B907F0010003
:1031000018B1606C40F008006064606C002846D024
:1031100005F0200028B106F0200010B1204602F092
:103120009DF920684069C0F3801A606C00F00800C7
:1031300010B9BAF1000F2DD0204602F049F92068ED
:10314000406900F04000402820D100BF00BF216846
:10315000143151E8001F21F040002168143141E88A
:103160000002002AF3D100BFE06B50B17748E16B59
:103170000865E06BFDF7C7FF88B1E06B016D88471C
:103180000DE02046FFF76EFF09E009E02046FFF75B
:1031900069FF04E02046FFF765FF002060647DE7DB
:1031A000206B012878D105F01000002874D006F0BB
:1031B00010000028FAD000BF0020009020680068AE
:1031C000009020684068009000BF00BF2068406900
:1031D00000F04000402860D1E06B006840681FFAB2
:1031E00080F8B8F1000F56D0A08D404553DDA4F80B
:1031F0002E80E06BC069B0F5807F43D000BF00BF78
:1032000021680C3151E8001F21F4807021680C31D5
:1032100041E80002002AF3D100BF00BF00BF2168CF
:10322000143151E8001F21F001002168143141E8F8
:103230000002002AF3D100BF00BF00BF2168143193
:1032400051E8001F21F040002168143141E80002DC
:10325000002AF3D100BF202084F842000020206320
:1032600000BF00BF21680C3151E8001F21F01000A1
:1032700021680C3141E80002002AF3D100BFE06B65
:10328000FDF7EBFE02206063A08DE28D801A81B213
:103290002046FFF7E6FE01E742E0A08DE18D401AEF
:1032A0001FFA80F8E08DD0B3B8F1000F37D000BF1F
:1032B00000BF21680C3151E8001F21F49070216893
:1032C0000C3141E80002002AF3D100BF00BF00BF6B
:1032D0002168143151E8001F21F0010021681431E8
:1032E00041E80002002AF3D100BF202084F8420008
:1032F0000020206300BF00BF21680C3151E8001F8F
:1033000021F0100021680C3141E80002002AF3D1BD
:1033100000BF0220606341462046FFF7A2FEBDE6E3
:1033200005F0800030B106F0800018B1204602F0B0
:1033300049FAB3E605F0400030B106F0400018B19C
:10334000204602F07BF8A9E600BFA7E6BD530008BF
:1033500010B504460CB9012010BDA06900B100E011
:1033600000BF94F8410028B9002084F840002046AE
:1033700000F02AF8242084F841002068C06820F476
:1033800000502168C860204602F0E6F82068006915
:1033900020F49040216808612068406920F02A00EC
:1033A000216848612068C06840F400502168C86006
:1033B00000206064202084F8410084F8420000204E
:1033C000606300BFC8E7000010B586B00446142152
:1033D00001A8FCF72FFFC9492068884239D100BFF6
:1033E00000200090C648006840F40020C4490860EE
:1033F0000846006800F40020009000BF00BF00BF36
:1034000000200090BE481038006840F00400BC491D
:10341000103908600846006800F00400009000BF02
:1034200000BF4FF440600190022002900020039002
:10343000032004900820059001A9B248FEF76CF81B
:10344000002211463420FEF7F5F93420FEF7DEF9AC
:1034500052E1AD492068884255D100BF002000905C
:10346000A748006840F48010A54908600846006835
:1034700000F48010009000BF00BF00BF002000904B
:103480009F481038006840F004009D4910390860DA
:103490000846006800F00400009000BF00BF00BFB5
:1034A000002000900846006840F0080008600846C8
:1034B000006800F00800009000BF00BF8814019071
:1034C0000220029000200390032004900820059021
:1034D00001A98C48FEF720F80420019002200290F8
:1034E00000200390032004900820059001A987483C
:1034F000FEF712F8002211463520FEF79BF9352021
:10350000FEF784F9F8E08249206888423BD100BF89
:10351000002000907A48001D006840F010007849B3
:10352000091D08600846006800F01000009000BF08
:1035300000BF00BF0020009071481038006840F0C4
:1035400001006F49103908600846006800F001006A
:10355000009000BF00BF4FF4C060019002200290B5
:1035600000200390032004900720059001A96948DA
:10357000FDF7D2FF002211462520FEF75BF925203A
:10358000FEF744F9B8E064492068884238D100BFAA
:10359000002000905A48006840F400305849086004
:1035A0000846006800F40030009000BF00BF00BF74
:1035B0000020009052481038006840F00800504940
:1035C000103908600846006800F00800009000BF4D
:1035D00000BF602001900220029000200390032091
:1035E00004900720059001A94848FDF795FF0022A7
:1035F00011462620FEF71EF92620FEF707F97BE08C
:1036000046492068884239D100BF002000903C48DC
:10361000006840F480203A4908600846006800F4D9
:103620008020009000BF00BF00BF00200090344801
:103630001038006840F0020031491039086008462F
:10364000006800F00200009000BF00BF4FF440602F
:103650000190022002900020039003200490072094
:10366000059001A92E48FDF757FF0022114627209B
:10367000FEF7E0F82720FEF7C9F83DE02949206869
:10368000884239D100BF002000901D48001D00680D
:1036900040F020001A49091D08600846006800F043
:1036A0002000009000BF00BF00BF00200090144821
:1036B0001038006840F004001149103908600846CD
:1036C000006800F00400009000BF00BFC02001901F
:1036D000022002900020039003200490082005900F
:1036E00001A90848FDF718FF002211464720FEF700
:1036F000A1F84720FEF78AF806B010BD004C004044
:10370000403802400008024000500040000C0240D7
:10371000001001400000024000440040004800400A
:10372000000402400014014070B504460D461646E0
:1037300094F8420020280BD105B10EB9012070BDCC
:103740000020206332462946204602F01BF8F6E7A7
:103750000220F4E72DE9F04704462D49206888420D
:1037600009D12C480578284600F0EEF801222949B5
:103770002948FFF7D9FF29492068884209D12848FC
:103780000678304604F014FA012225492548FFF74F
:10379000CBFF25492068884209D12448077838465C
:1037A00003F058F9012221492148FFF7BDFF2149C3
:1037B000206888420AD1204890F80080404605F0F1
:1037C000ADF801221C491D48FFF7AEFF1C492068D7
:1037D00088420AD11B4890F80090484605F010F93D
:1037E000012218491848FFF79FFF184920688842AE
:1037F0000CD1174890F800A016498868514601F08E
:10380000A4FA012212491448FFF78EFFBDE8F087A1
:103810000010014045000020D00500200048004075
:1038200044000020600600200044004043000020C7
:1038300018060020004C00404600002040050020F3
:10384000005000404700002088050020001401407F
:1038500048000020382F0020A80600202DE9F84F4E
:1038600004460E46174699464FF0000A94F8410068
:10387000202850D106B117B90120BDE8F88F0020EB
:103880006064212084F84100FDF746FF8246A7844A
:10389000E784A068B0F5805F04D1206910B90025E5
:1038A000B04602E035464FF000081EE053460022C5
:1038B00080212046CDF8009001F0B4FF20B12020F7
:1038C00084F841000320D8E745B9B8F80000C0F3F8
:1038D00008002168486008F1020803E028782168A0
:1038E00048606D1CE08C401EE084E08C0028DDD137
:1038F0005346002240212046CDF8009001F092FF6F
:1039000020B1202084F841000320B6E7202084F86D
:1039100041000020B1E70220AFE7704710B5002456
:1039200009E0064801194FF47A7301220448FFF7B1
:1039300095FF601CC4B2052CF3DB10BDA80000206D
:10394000D005002000BFFEE770B52DED068B0446C4
:103950005248007888B9552C0FD101204F49087082
:1039600000204F490870084601780078401C4C4AF6
:1039700010704C4820F811408CE04848007801282D
:1039800079D1474801780078401C454A1070454875
:1039900020F81140104600780B287BDB00203F49BF
:1039A00008700120404908700020114608703D4809
:1039B000408853285DD13B4989883A4A927941EA47
:1039C000022108B2FCF7D6FD41EC1A0B9FED370B34
:1039D00053EC102BFCF75FFD41EC190B9FED350B01
:1039E00053EC102BFCF7E5FC41EC180BFCF736FE12
:1039F000324908602B4909892A4A927A41EA022110
:103A000008B2FCF7B7FD41EC1A0B9FED280B53EC05
:103A1000102BFCF740FD41EC190B9FED260B53ECEE
:103A2000102BFCF7C6FC41EC180BFCF717FE2349E2
:103A300048601C4989891B4A927B41EA022108B2ED
:103A4000FCF798FD41EC1A0B9FED180B53EC102B73
:103A5000FCF721FD41EC190B9FED160B53EC102BDD
:103A6000FCF7A7FC41EC180BFCF7F8FD1349886044
:103A700000BF0FE0FFE70020084908700849087000
:103A8000002505E00020074921F81500681CC5B293
:103A90000B2DF7DBBDEC068B70BD00008B0000200A
:103AA0008A000020240B00208C0000200000000071
:103AB0000000E0400000000000806640F00A0020A6
:103AC00010B50446052C52D2DFE804F0031323336B
:103AD0004300002204212748FDF718FE0022102190
:103AE0002448FDF713FE002208212248FDF70EFEB0
:103AF0003DE0012204211F48FDF708FE00221021AD
:103B00001C48FDF703FE002208211A48FDF7FEFDC0
:103B10002DE0002204211748FDF7F8FD01221021B5
:103B20001448FDF7F3FD002208211248FDF7EEFDD1
:103B30001DE0002204210F48FDF7E8FD00221021BE
:103B40000C48FDF7E3FD012208210A48FDF7DEFDE0
:103B50000DE0012220210748FDF7D8FD3220FDF7B6
:103B6000C7FC002220210348FDF7D0FD00BF00BFA5
:103B700010BD00000010024008B500BF00200090FA
:103B80001E48006840F400101C49086008460068A0
:103B900000F40010009000BF00BF00BF00200090A4
:103BA0000846006840F4800008600846006800F499
:103BB0008000009000BF00BF002211460C20FDF7DE
:103BC00039FE0C20FDF722FE002211461020FDF7E1
:103BD00031FE1020FDF71AFE002211461120FDF7DC
:103BE00029FE1120FDF712FE002211464520FDF7A7
:103BF00021FE4520FDF70AFE08BD000030380240D6
:103C000000B587B0142102A8FCF714FB00BF002008
:103C100001906448006840F010006249086008465E
:103C2000006800F01000019000BF00BF00BF00203E
:103C300001900846006840F080000860084600686F
:103C400000F08000019000BF00BF00BF0020019085
:103C50000846006840F0010008600846006800F06F
:103C60000100019000BF00BF00BF00200190084686
:103C7000006840F0020008600846006800F002009A
:103C8000019000BF00BF00BF0020019008460068FF
:103C900040F0080008600846006800F00800019045
:103CA00000BF00BF00BF002001900846006840F040
:103CB000040008600846006800F00400019000BF9E
:103CC00000BF00223C213848FDF720FD0022C3211F
:103CD0003648FDF71BFD002209213548FDF716FD8A
:103CE00001224FF440713148FDF710FD3C20029055
:103CF0000120039000200490059002A92A48FDF7B6
:103D00000BFC10200290002003900220049002A9D6
:103D10002848FDF701FCC3200290012003900020F9
:103D20000490059002A92148FDF7F6FB48F28000B7
:103D30000290002003900220049002A91A48FDF787
:103D4000EBFB4FF4404002900020039002200490CF
:103D500002A91648FDF7E0FB012002900390002025
:103D60000490059002A91248FDF7D6FB08200290A6
:103D700001200390022004900020059002A90C4825
:103D8000FDF7CAFB4FF44070029011200390012010
:103D900004900220059002A90448FDF7BDFB07B07E
:103DA00000BD000030380240001002400004024014
:103DB000000C0240000002401FB50020009001905E
:103DC000029003900E480F490860002048600021CF
:103DD0000C4881604FF6FF71C16000210161816173
:103DE000FEF7B8F908B1FCF7F4FE4FF480500090EC
:103DF00069460448FEF732FB08B1FCF7EAFE1FBD36
:103E0000001800407803002000B595B00020119004
:103E10001290139014900F9010901C2108A8FCF79A
:103E200009FA20216846FCF705FA2A482A49086061
:103E3000062048600021284881601D21C1600021C2
:103E4000016141618161FEF785F908B1FCF7C1FEAE
:103E50004FF48050119011A91F48FEF7FFFA08B1E6
:103E6000FCF7B7FE1C48FEF76AFE08B1FCF7B1FE8E
:103E700000200F9010900FA91748FEF711F908B114
:103E8000FCF7A7FE60200890002009900A900B9094
:103E90000C900D900E90082208A90F48FEF7CDFD5A
:103EA00008B1FCF796FE002000900190029003906C
:103EB00004904FF400500590002007906946064892
:103EC000FEF7B4F808B1FCF784FE0348FEF71AFDCC
:103ED00015B000BD000001403801002000B58DB0D4
:103EE000002009900A900B900C90079008901C21DC
:103EF0006846FCF79FF94FF080402C490860452048
:103F0000486000212948816045F6BF51C160002109
:103F1000016180218161FEF71DF908B1FCF759FEAE
:103F20004FF48050099009A92048FEF797FA08B18C
:103F3000FCF74FFE1D48FEF702FE08B1FCF749FEF4
:103F400000200790089007A91848FEF7A9F808B1C3
:103F5000FCF73FFE6020009000200190029004904A
:103F6000002269461148FEF768FD08B1FCF731FEF2
:103F7000042269460D48FEF760FD08B1FCF729FEF2
:103F8000082269460948FEF758FD08B1FCF721FEF2
:103F90000C2269460548FEF750FD08B1FCF719FEF2
:103FA0000248FEF7AFFC0DB000BD0000800100200C
:103FB00000B58BB0242102A8FCF73CF9002000904A
:103FC00001901848184908600B20486000211648E5
:103FD000816040F27751C16000210161816101205F
:103FE000029000200390012004900020059006908C
:103FF000079001200890002009900A9002A90A4821
:10400000FEF7B2FA08B1FCF7E4FD00200090019041
:1040100069460548FEF744F808B1FCF7DAFD0BB035
:1040200000BD000000040040C801002000B58BB0B6
:10403000242102A8FCF7FEF8002000900190184807
:1040400018490860002048600021164881604FF63A
:10405000FF71C16000210161816101200290002097
:104060000390012004900020059006900790012005
:104070000890002009900A9002A90A48FEF774FAF5
:1040800008B1FCF7A6FD00200090019069460548A4
:10409000FEF706F808B1FCF79CFD0BB000BD000070
:1040A000000800401002002000B58BB0242102A8B7
:1040B000FCF7C0F8002000900190174817490860ED
:1040C00000204860002115488160491EC160002120
:1040D0000161816101200290002003900120049081
:1040E000002005900690079001200890002009907C
:1040F0000A9002A90948FEF737FA08B1FCF769FDF2
:1041000000200090019069460448FDF7C9FF08B1FE
:10411000FCF75FFD0BB000BD000C00405802002012
:104120001CB50020009001900E480F49086042F233
:10413000CF00486000210C48816042F20F71C160DD
:1041400000218161FEF706F808B1FCF742FD00206E
:104150000090019069460448FDF7A2FF08B1FCF702
:1041600038FD1CBD00140040A002002000B595B031
:10417000002011901290139014900F9010901C2119
:1041800008A8FCF757F820216846FCF753F82F4899
:104190002F4908608B20486000212D48816045F63A
:1041A000BF51C16000210161416180218161FDF742
:1041B000D1FF08B1FCF70DFD4FF48050119011A90B
:1041C0002348FEF74BF908B1FCF703FD2048FEF742
:1041D000B6FC08B1FCF7FDFC00200F9010900FA971
:1041E0001B48FDF75DFF08B1FCF7F3FC6020089069
:1041F000002009900A900B900C900D900E900822D0
:1042000008A91348FEF719FC08B1FCF7E2FC0C22E0
:1042100008A90F48FEF711FC08B1FCF7DAFC0020F2
:10422000009001900290039004904FF4005005908C
:104230000020079069460648FDF7F8FE08B1FCF734
:10424000C8FC0348FEF75EFB15B000BD000401404A
:10425000E80200201FB5002000900190029003901A
:104260000E480F49086044F29F10486000210C4836
:104270008160C721C160002101618161FDF76AFF92
:1042800008B1FCF7A6FC4FF4805000906946044842
:10429000FEF7E4F808B1FCF79CFC1FBD00400140AC
:1042A0003003002010B50B480B4908604FF4E13093
:1042B0004860002108488160C16001610C214161B2
:1042C00000218161C161FFF743F808B1FCF781FC6F
:1042D00010BD0000004C00404005002010B50B4808
:1042E0000B4908604FF4E1304860002108488160C4
:1042F000C16001610C21416100218161C161FFF751
:1043000027F808B1FCF765FC10BD00000050004024
:104310008805002010B50B480B4908604FF4E130C8
:104320004860002108488160C16001610C21416141
:1043300000218161C161FFF70BF808B1FCF749FC6E
:1043400010BD000000100140D005002010B50B4842
:104350000B4908604FF4E130486000210848816053
:10436000C16001610C21416100218161C161FEF7E1
:10437000EFFF08B1FCF72DFC10BD00000044004029
:104380001806002010B50B480B4908604FF4165072
:104390004860002108488160C16001610C214161D1
:1043A00000218161C161FEF7D3FF08B1FCF711FC68
:1043B00010BD0000004800406006002010B50B480A
:1043C0000B4908604FF4E1304860002108488160E3
:1043D000C16001610C21416100218161C161FEF771
:1043E000B7FF08B1FCF7F5FB10BD00000014014059
:1043F000A806002000BFFEE700BFFEE710B5174883
:1044000090ED020ADFED160A20EE200ABDEEC00A8A
:1044100010EE102A13A1174801F04AFA0F4890ED48
:10442000000ADFED0F0A20EE200ABDEEC00A10EEF2
:10443000102A11A10F4801F03BFA084890ED010A3B
:10444000DFED070A20EE200ABDEEC00A10EE102AAA
:104450000DA1084801F02CFA10BD0000F00A002060
:1044600000007A4478302E76616C3D2564FFFFFFB2
:10447000000000001806002078312E76616C3D2582
:1044800064FFFFFF0000000078322E76616C3D254E
:1044900064FFFFFF0000000000200CE0002106E0A8
:1044A0000022064B03EBC0135A544A1CD1B2802998
:1044B000F6DB421CD0B20828F0DB7047F006002083
:1044C00030B587B0002406E0002500E06D1CB5F58E
:1044D0007A7FFBD3641CB4F57A7FF5D3142102A84C
:1044E000FBF7A8FE00BF002001900B48006840F0D9
:1044F0000200094908600846006800F002000190C7
:1045000000BF00BFFFF77CFB012000F0B1F80120E5
:1045100000F0C2F807B030BD3038024070B5054633
:10452000002411E080212141294009B1012100E04E
:104530000021084600F0B0F8012000F099F80020B2
:1045400000F096F8601CC4B2082CEBDB012000F0F0
:104550008FF8002000F08CF870BD10B5012000F03D
:104560009BF8012000F084F8002000F095F800206E
:1045700000F07EF810BD10B5002000F08DF801208D
:1045800000F076F8012000F087F810BD10B5FFF7B5
:1045900097FFAE2000F094F8D52000F091F880202D
:1045A00000F08EF8A82000F08BF83F2000F088F88B
:1045B000D32000F085F8002000F082F8402000F0C1
:1045C0007FF8A12000F07CF8C82000F079F8DA200C
:1045D00000F076F8122000F073F8812000F070F8F7
:1045E000CF2000F06DF8D92000F06AF8F12000F03B
:1045F00067F8DB2000F064F8302000F061F8A420B8
:1046000000F05EF8A62000F05BF88D2000F058F86E
:10461000142000F055F8AF2000F052F8FFF73CFFEF
:1046200000F012F810BD70B505460C4645F0B0001C
:1046300000F046F8102141EA141000F041F804F0AF
:104640000F0000F03DF870BD10B500240BE0002114
:104650002046FFF7E8FF054901EBC410802100F078
:104660003FF8601CC4B2082CF1DB10BDF00600203E
:1046700070B50446002505E0002600E0761C052EF6
:10468000FCD36D1C052DF7D3224640210148FDF7D0
:104690003DF870BD0004024070B50446002505E0F9
:1046A000002600E0761C052EFCD36D1C052DF7D3EB
:1046B000224680210148FDF729F870BD0004024020
:1046C00010B50446FFF749FF7820FFF727FF0020C9
:1046D000FFF724FF2046FFF721FFFFF74CFF10BD37
:1046E00070B505460E46FFF738FF7820FFF716FF36
:1046F0004020FFF713FF002404E0285DFFF70EFFC2
:10470000601CC4B2B442F8DBFFF735FF70BD000097
:1047100070B52DED048B6A4800781E2803DC6848CC
:1047200000780D2807DA674800781E2835DC6548D0
:1047300000780D2831DB6248007800EE100AB8EEF0
:10474000400A10EE100AFBF75EFF41EC190B9FEDDB
:104750005E0B53EC102BFBF72CFE41EC180BFBF718
:104760001AFF05465748007800EE100AB8EE400AD6
:1047700010EE100AFBF747FF41EC190B9FED520BAF
:1047800053EC102BFBF715FE41EC180BFBF703FF66
:10479000044601204E49087038E0494800780D2849
:1047A00006DC484800780D2802DC012048490870E2
:1047B0004348007800EE100AB8EE400A10EE100AE6
:1047C000FBF721FF41EC190B9FED420B53EC102B33
:1047D000FBF7EFFD41EC180BFBF7DDFE0546394812
:1047E000007800EE100AB8EE400A10EE100AFBF74F
:1047F0000AFF41EC190B9FED370B53EC102BFBF725
:10480000D8FD41EC180BFBF7C6FE0446A5421BDBA6
:10481000082D00DB082500EE105AF8EEC00A2948E2
:10482000007800EE100AB8EE400A60EE800A2448D4
:10483000007800EE100AB8EE400A80EE801ABDEE55
:10484000C10A10EE104A1AE0082C00DB082400EE22
:10485000104AF8EEC00A1A48007800EE100AB8EEC6
:10486000400A60EE800A1748007800EE100AB8EEA1
:10487000400A80EE801ABDEEC10A10EE105A1748A9
:104880000078012806D0022807D0032808D0042881
:104890000CD108E06D4200BF08E000BF00BF05E09A
:1048A00000BF644202E06D42644200BF00BF0022CC
:1048B0002146284601F080F8BDEC048B70BD000055
:1048C00066000020670000207B14AE47E17AB43F09
:1048D000EC0000209A9999999999C93F65000020A8
:1048E00070B52DED048B6A4800781E2803DC6848FB
:1048F00000780D2807DA674800781E2835DC6548FF
:1049000000780D2831DB6248007800EE100AB8EE1E
:10491000400A10EE100AFBF776FE41EC190B9FEDF2
:104920005E0B53EC102BFBF744FD41EC180BFBF72F
:1049300032FE05465748007800EE100AB8EE400AED
:1049400010EE100AFBF75FFE41EC190B9FED520BC6
:1049500053EC102BFBF72DFD41EC180BFBF71BFE66
:10496000044601204E49087038E0494800780D2877
:1049700006DC484800780D2802DC01204849087010
:104980004348007800EE100AB8EE400A10EE100A14
:10499000FBF739FE41EC190B9FED420B53EC102B4A
:1049A000FBF707FD41EC180BFBF7F5FD0546394811
:1049B000007800EE100AB8EE400A10EE100AFBF77D
:1049C00022FE41EC190B9FED370B53EC102BFBF73C
:1049D000F0FC41EC180BFBF7DEFD0446A5421BDBA7
:1049E000052D00DB052500EE105AF8EEC00A294817
:1049F000007800EE100AB8EE400A60EE800A244803
:104A0000007800EE100AB8EE400A80EE801ABDEE83
:104A1000C10A10EE104A1AE0052C00DB052400EE56
:104A2000104AF8EEC00A1A48007800EE100AB8EEF4
:104A3000400A60EE800A1748007800EE100AB8EECF
:104A4000400A80EE801ABDEEC10A10EE105A1748D7
:104A50000078012806D0022807D0032808D00428AF
:104A60000CD108E06D4200BF08E000BF00BF05E0C8
:104A700000BF644202E06D42644200BF00BF0022FA
:104A80002146284600F098FFBDEC048B70BD000065
:104A900062000020630000207B14AE47E17AB43F3F
:104AA000EC0000209A9999999999B93F61000020EA
:104AB000704710B500F0A6F800F002F810BD000035
:104AC00010B5D823024A08210248FEF705F910BDA7
:104AD000940B00203801002077B505460E460024CF
:104AE0002C4605E02046029900F006F8601CC4B28E
:104AF000B442F7DD7EBD000013B50246082A00DD92
:104B00001CBD002016E09DF80510052391FBF3F174
:104B1000C0F107040123A340194009B1142100E0AA
:104B20000A2102EB4203204C04EB431343F820100C
:104B3000411CC8B20828E6DB082016E09DF80410E6
:104B4000052391FBF3F1C0F10F040123A3401940A9
:104B500009B1142100E00A2102EB4203124C04EBDC
:104B6000431343F82010411CC8B21028E6DB102084
:104B700016E09DF80610052391FBF3F1C0F1170430
:104B80000123A340194009B1142100E00A2102EBDE
:104B90004203054C04EB431343F82010411CC8B2F8
:104BA0001828E6DB00BFABE7940B002008B51248DD
:104BB0000078124908701048007848700E48007854
:104BC00088700F480188ADF8001080788DF80200D9
:104BD00007210020009AFFF77FFF08480188ADF801
:104BE000001080788DF8020007210020009AFFF75E
:104BF00073FFFFF75EFF08BD300100203101002088
:104C0000A18C0008002005E00022044941F8202082
:104C1000411CC8B21828F7DB70470000940E002032
:104C200030B50446204600F01CF80546204600F04A
:104C300003F8281A80B230BD00B502469088D188AA
:104C4000884209DD104600F00CF89188D388C91A13
:104C5000491E401A80B200BDD0889188401A80B2A7
:104C6000F9E701460889401E80B27047F0B5064654
:104C70003046FFF7E1FF07460025002406E0A1B219
:104C8000304600F007F82844C5B2641CBC42F6DB8D
:104C9000E8B2F0BD70B504460D462046FFF7CCFFE4
:104CA000A84201DC002070BDA0882844401C218956
:104CB00090FBF1F201FB120086B22068805DF2E702
:104CC00030B50B46026000218180C180591C0181F2
:104CD000002104E0002405686C544C1CA1B2048936
:104CE0008C42F7DC30BD10B504462046FFF798FF34
:104CF00002462046FFF7B5FF824201D1012010BDD8
:104D00000020FCE710B504462046FFF789FF08B9EC
:104D1000012010BD0020FCE730B504462046FFF717
:104D2000E2FF08B1002030BDA088401C218990FB23
:104D3000F1F201FB1200A080A1882068455C0020F0
:104D4000A288216888542846EDE730B504460D4610
:104D50002046FFF7D7FF10B12046FFF7DDFFE088C0
:104D6000401C218990FBF1F201FB1200E080E188F8
:104D70002068455430BD10B504462046FFF7CCFFEF
:104D800010BD30B504460D4629462046FFF7DDFF2D
:104D900030BDF0B507460D461646002405E0295DF6
:104DA0003846FFF7D2FF601C84B2B442F7DBF0BD97
:104DB00033B5044601AD022229462046FFF7E9FF3C
:104DC0003CBD33B5044601AD022229462046FFF71B
:104DD000E0FF3CBD7047000001B50649009808603F
:104DE0004FF0E020006940F001004FF0E021086141
:104DF00008BD0000340100200020054908604FF084
:104E0000E020006920F001004FF0E02108617047C8
:104E1000340100200348006808B9012070470020D1
:104E2000FCE700003401002010B5FCF77BFC10BD4E
:104E30007047000000B593B0302107A8FBF7FAF9DE
:104E4000142102A8FBF7F6F900BF002001902548C5
:104E5000006840F08050234908600846006800F070
:104E60008050019000BF00BF00BF002001901E488D
:104E7000006840F480401C4908600846006800F45F
:104E80008040019000BF00BF0220079001200A90DF
:104E900010200B9002200D9000210E9108210F91FF
:104EA000A8211091022111910421129107A8FCF769
:104EB00053FE08B1FBF78DFE0F20029002200390F5
:104EC000002004904FF4A05005904FF480500690BD
:104ED000052102A8FCF700FD08B1FBF77AFE13B02C
:104EE00000BD0000403802400070004003480068E8
:104EF00040F47000014908607047000088ED00E050
:104F000010B50348FDF748FC0248FDF745FC10BD0D
:104F1000380100203003002010B50248FDF73CFCAA
:104F200010BD0000A002002010B502682D4B984271
:104F30000ED0B0F1804F0BD02B4B984208D02B4BAA
:104F4000984205D02A4B984202D02A4B984203D16E
:104F500022F070024B681A43224B984220D0B0F1E5
:104F6000804F1DD0204B98421AD0204B984217D02A
:104F70001F4B984214D01F4B984211D01E4B9842A1
:104F80000ED01E4B98420BD01D4B984208D01D4BA3
:104F9000984205D01C4B984202D01C4B984203D13A
:104FA00022F44072CB681A4322F080034C6943EA32
:104FB000040202608B68C3620B688362094B9842EB
:104FC00002D00C4B984201D10B690363012343616A
:104FD000036903F001031BB1036923F001030361BB
:104FE00010BD000000000140000400400008004027
:104FF000000C00400004014000400140004401401A
:105000000048014000180040001C00400020004003
:1050100030B501F01F05012404FA05F3046A9C432E
:105020000462046A01F01F0502FA05F52C430462CC
:1050300030BD70B50546AC6B606AA84207D101204F
:105040002077E86918BB012084F83E001FE0A06AC1
:10505000A84207D102202077E869C0B901213F208A
:10506000015514E0E06AA84207D104202077E869DE
:1050700068B901214020015509E0206BA84206D102
:1050800008202077E86910B9012141200155204608
:10509000FDF78AFD0020207770BD70B50546AC6B2A
:1050A000606AA84202D10120207710E0A06AA842DD
:1050B00002D1022020770AE0E06AA84202D104204F
:1050C000207704E0206BA84201D1082020772046F9
:1050D000FDF77AFD0020207770BD70B50546AC6BFA
:1050E000606AA84204D10120207784F83E001DE0C8
:1050F000A06AA84205D10220207701213F20015556
:1051000014E0E06AA84205D1042020770121402064
:1051100001550BE0206BA84205D108202077012122
:105120004120015502E0012084F83D002046FDF7B2
:1051300031FB0020207770BD30B50C46816821F42A
:105140007F4142EA032525432943816030BD0A4659
:10515000816821F0700142F00703194381607047B4
:1051600030B5026A056A25F0010505624368846965
:1051700024F0700424F003040D682C4322F0020292
:105180008D682A43104DA84200D103E00F4DA8427C
:1051900006D100BF22F00802CD682A4322F00402A3
:1051A000094DA84202D0094DA84207D123F48073CB
:1051B00023F400734D692B438D692B434360846155
:1051C0004D684563026230BD0000014000040140AB
:1051D00030B5026A056A25F01005056243688469E6
:1051E00024F4E04424F440740D6844EA052422F0D9
:1051F00020028D6842EA0512124DA84200D103E058
:10520000114DA84207D100BF22F08002CD6842EACA
:10521000051222F040020B4DA84202D00A4DA842CE
:1052200009D123F4806323F400634D6943EA8503C5
:105230008D6943EA8503436084614D68856302623A
:1052400030BD0000000001400004014030B5026A9A
:10525000056A25F4807505624368C46924F070040A
:1052600024F003040D682C4322F400728D6842EA96
:105270000522124DA84200D103E0114DA84207D1EA
:1052800000BF22F40062CD6842EA052222F4806267
:105290000A4DA84202D00A4DA84209D123F48053F6
:1052A00023F400534D6943EA05138D6943EA05135E
:1052B0004360C4614D68C563026230BD00000140B7
:1052C0000004014030B5036A056A25F48055056283
:1052D0004468C26922F4E04222F440720D6842EA56
:1052E000052223F400538D6843EA0533084DA84294
:1052F00002D0084DA84204D124F480444D6944EA08
:1053000085144460C2614D680564036230BD0000CD
:10531000000001400004014030B50B461446026A0B
:10532000056A25F001050562816921F0F00141EA75
:10533000041122F00A021A438161026230BD30B5C5
:105340000B461446026A056A25F01005056281695C
:1053500021F4704141EA043122F0A00242EA031232
:105360008161026230BD000010B50248FDF77CFE8D
:1053700010BD00004005002070B505460E46002413
:1053800004E0285D00F006F8601C84B2B442F8DB4B
:1053900070BD000001B54FF47A73012269460248DE
:1053A000FEF75CFA08BD00004005002010B5024879
:1053B000FDF75AFE10BD00008805002070B50546B7
:1053C000AC6B0020E085E0842046FDF74BFE70BD0D
:1053D00000BF00BF02680C3252E8002F22F4907127
:1053E00002680C3242E80013002BF3D100BF00BF6B
:1053F00000BF0268143252E8002F22F00101026857
:10540000143242E80013002BF3D100BF016B0129D5
:105410000ED100BF00BF02680C3252E8002F22F00C
:10542000100102680C3242E80013002BF3D100BFD8
:10543000202180F8421000210163704710B5044616
:105440002068C06820F040002168C860202084F8EF
:1054500041002046FEF761FA002010BDF8B5044671
:1054600094F84200222875D1A068B0F5805F0CD175
:10547000206950B90025A66A20684068C0F308007A
:105480003080A06A801CA06215E0A56A0026A06892
:10549000B0F5805F03D0A06828B9206918B92068EA
:1054A0004068287004E02068406800F07F002870A1
:1054B000A06A401CA062E08D401E80B2E0850028FA
:1054C00046D12068C06820F020002168C8602068AC
:1054D000C06820F480702168C8602068406920F0AE
:1054E000010021684861202084F8420000206063A8
:1054F000206B012826D10020206300BF00BF216857
:105500000C3151E8001F21F0100021680C3141E8F6
:105510000002002AF3D100BF2068006800F01000EC
:1055200010280AD100BF0020009020680068009079
:1055300020684068009000BF00BFA18D2046FDF7A5
:1055400090FD02E02046FEF705F90020F8BD01E0DD
:105550000020FBE70220F9E72DE9F84F0446206818
:10556000006920F44050E16808432168086121691E
:10557000A068084361690843E16908430090206816
:10558000C06849F20C618843009908432168C860EB
:105590002068406920F44070A1690843216848618F
:1055A00076492068884203D075492068884203D133
:1055B000FCF76AFA814602E0FCF756FA8146E06998
:1055C000B0F5004F6CD102206168A0FB015003468A
:1055D0001920A9FB007001462A463846FAF7F2FD69
:1055E0006421B0FBF1F04FEA001A02206168A0FBD1
:1055F00001510B461920A9FB00712A463846FAF7DB
:10560000E1FD834602206168A0FB0150034619209A
:10561000A9FB00712A463846FAF7D4FD6421B0FB95
:10562000F1F000EBC00101EB0010ABEB8000322188
:1056300001EBC0006421B0FBF1F000F0F8000AEBD0
:10564000400A02206168A0FB015003461920A9FB13
:10565000007001462A463846FAF7B4FD8346022018
:105660006168A0FB015003461920A9FB00712A467E
:105670003846FAF7A7FD6421B0FBF1F000EBC0015A
:1056800001EB0010ABEB8000322101EBC000642184
:10569000B0FBF1F000F007005044216888606AE038
:1056A00004206168A0FB015003461920A9FB00708B
:1056B00001462A463846FAF785FD8246042061688D
:1056C000A0FB015003461920A9FB007001462A46A1
:1056D0003846FAF777FD6421B0FBF1F000EBC0012A
:1056E00001EB0010AAEB8000322101EB00106421D5
:1056F000B0FBF1F000F0F00A04206168A0FB01703B
:1057000003461920A9FB00513A462846FAF75AFDEC
:105710006421B0FBF1F00AEB001A04206168A0FBE1
:1057200001510B461920A9FB00712A463846FAF7A9
:1057300049FD834604206168A0FB015003461920FF
:10574000A9FB007001462A463846FAF73BFD642162
:10575000B0FBF1F000EBC00101EB0010ABEB8000FF
:10576000322101EB00106421B0FBF1F000F00F00DA
:10577000504421688860BDE8F88F000000100140A7
:105780000014014010B5034699629A85DA8500201D
:105790005864222083F84200186928B11868C0684C
:1057A00040F480701C68E0601868406940F00100B7
:1057B0001C6860611868C06840F020001C68E060E8
:1057C000002010BD014691F84100212828D18868A9
:1057D000B0F5805F0BD1086948B90A6A1088C0F338
:1057E00008000B685860086A801C086205E00B6AB4
:1057F000581C086218780B685860C88C401E80B22C
:10580000C88458B90868C06820F080000B68D86068
:105810000868C06840F040000B68D86000207047FE
:105820000220FCE72DE9F84304460D46174698464A
:10583000089E31E0701C70B3FBF76EFFA0EB080010
:10584000B04200D816B90320BDE8F8832068C068CC
:1058500000F00400F8B1802D1ED0402D1CD020682F
:105860000068C0F3C000B0B100BF00200090206805
:105870000068009020684068009000BF00BF20468C
:10588000FFF7A6FD0820606400BF002084F84000F8
:1058900000BF0120D8E7FFE7206800682840A84241
:1058A00001D1012000E00020B842C3D00020CBE7A6
:1058B0000FB430B5A1B0054626A8209080216846D7
:1058C000209B259A00F004F90446A2B24FF0FF3362
:1058D00069462846FDF7C2FF00202090204621B0EF
:1058E00030BC5DF814FB000010B50248FDF7BCFBAE
:1058F00010BD0000D005002010B50248FDF7B4FB34
:1059000010BD00001806002010B50248FDF7ACFBE2
:1059100010BD00006006002010B50248FDF7A4FB92
:1059200010BD0000A806002000BFFEE710B50B4820
:105930000B4908600B480C4908600C4AC1140C481C
:10594000FFF7BEF90B4A4FF400610B48FFF7B8F9B7
:105950000948054988600648486010BD00100140AC
:10596000101F002000140140382F00201C1F0020B1
:10597000202F00201D2700202C2F002070B504466A
:1059800007E06068FFF7C8F905462946206800F07F
:1059900007F86068FFF750F90028F2D170BD0000E9
:1059A00013B504464FF47A73012201A90148FDF7AB
:1059B00055FF1CBDA80600202DE9F04704460D4602
:1059C00016466719A4EB0508A4EB050904EB050AC4
:1059D0003146384600F01DF80F20FBF789FD3146AF
:1059E000404600F02DF80F20FBF782FD3146484677
:1059F00000F03EF80F20FBF77BFD3146504600F0EB
:105A00004FF80F20FBF774FD0020FBF7A4F8BDE86A
:105A1000F08738B504460D46002C07DB0120A2B202
:105A20002B4600210090FBF7ADF808E00120009024
:105A3000604282B22B4601210846FBF7A3F838BD2D
:105A400038B504460D46002C08DB0120A2B22B46D7
:105A5000014600900220FBF795F808E00120009035
:105A6000604282B22B4600210220FBF78BF838BD42
:105A700038B504460D46002C08DB0120A2B22B46A7
:105A8000002100900320FBF77DF808E00120009042
:105A9000604282B22B4601210320FBF773F838BD28
:105AA00038B504460D46002C08DB0120A2B22B4677
:105AB000014600900420FBF765F808E00120009003
:105AC000604282B22B4600210420FBF75BF838BD10
:105AD0007CB50C001D461646014601D0601E00E054
:105AE0000020CDE90010064B6A462946304600F0FA
:105AF000F7F8002C02D0009A002111707CBD000044
:105B0000E763000802480068C0F302207047000005
:105B10000CED00E010B5002804DB0A07130E054A5F
:105B2000135406E00A07140E034A00F00F031B1F6C
:105B3000D45410BD00E400E018ED00E002E008C815
:105B4000121F08C1002AFAD170477047002001E0F7
:105B500001C1121F002AFBD1704700002DE9FF5F31
:105B600082B00021DDE90430020DDDF840B00343CE
:105B700018D044F61050A2F2FF3242431514119887
:105B800001281FD0A5EB0B00401C5FEA000A4FF074
:105B900000064E4FDFF83891B046504615D5CAF191
:105BA000000413E0119801244AA3012801D16FEAEF
:105BB0000B010298119AC0E90031C0E9024206B017
:105BC000BDE8F09FCBF10000DFE704460021404A2A
:105BD000491842EB0450CDE9001012E0E00707D06D
:105BE00032463B4640464946FAF7E3FB8046894643
:105BF00032463B4610461946FAF7DBFB06460F468F
:105C00006410002CEAD1DDE90401DDE90023BAF1DA
:105C1000000F06DAFAF7CDFB42464B46FAF7C9FB0E
:105C200005E0FAF738FC42464B46FAF734FC0446E6
:105C30000E460022284BFAF7F9FC03D84FF0FF304C
:105C4000014607E00022254B20463146FAF70AFBC1
:105C5000FAF7FBFD102409E0002C0ADB0A220023DE
:105C6000FAF7B0FA039B30321A55641E50EA01026B
:105C7000F2D1641C039AC4F111031444119A012A4D
:105C800003D0012208430DD10AE0084304D00020CC
:105C90004FF0110B119072E7A3EB0B056D1E0DE099
:105CA0005B4504DD4FF0000205F1010504E003DA75
:105CB0004FF00002A5F10105002AECD002981199DD
:105CC000C0E90231C0E9004579E700000000144056
:105CD0000000F03F300000000000F0430000E03F13
:105CE0002DE9FF4F95B09A46884606460025EEE11D
:105CF000252877D100242746F94A0121039400E0A2
:105D0000044316F8013F203B01FA03F01042F7D19B
:105D100030782A2811D06FF02F033078A0F13002AC
:105D2000092A16D8039A44F0020402EB820203EB1C
:105D300042021044761C0390EFE758F8042B0392BC
:105D4000002A03DA504244F40054039044F0020461
:105D5000761C30782E2816D116F8010F44F0040472
:105D60002A280DD06FF02F023078A0F13003092BD4
:105D700009D807EB870302EB4303C718761CF3E748
:105D800058F8047B761C30786C280FD006DC4C2841
:105D900017D068280DD06A2814D104E0742810D0D8
:105DA0007A280FD10DE044F400140AE044F4801482
:105DB00001E044F440147278824202D104F5801468
:105DC000761C761C307866280BD013DC582877D0E8
:105DD00009DC002875D04528F6D04628F4D047289D
:105DE0001AD193E118E0632835D0642879D065286A
:105DF00012D18BE1702873D008DC6728F1D06928B4
:105E00006FD06E280DD06F2806D1ACE073282CD04F
:105E1000752874D0782853D05246179990476D1C36
:105E200054E1C4F30250022809D003280DD0D8F859
:105E3000001004280DD00D6008F1040846E1D8F8E0
:105E40000010EA17C1E90052F6E7D8F800100D80FB
:105E5000F2E70D70F0E718F8041B8DF80010002031
:105E60008DF80100EB46012003E058F804BB4FF029
:105E7000FF3061074FF0000102D40DE009F101018C
:105E80008946B9420FDA8145F8DB1BF80910002971
:105E9000F4D108E009F1010189468142FADB1BF8DF
:105EA00009100029F6D103985346A0EB09072146B3
:105EB0003846179A00F080FA284400EB090507E0FD
:105EC00044E008E10DE01BF8010B5246179990479A
:105ED000B9F10109F7D2534621463846179AF2E044
:105EE00039E00A21C4F302524FF0000B0091022A5C
:105EF00006D058F8040BC117032A09D00AE023E0A2
:105F000008F1070020F00702F2E80201904605E0E0
:105F100000B2C117042A01D140B2C117002906DA24
:105F20000A460021404261EB02012D2202E02205D7
:105F300004D52B228DF80420012203E0E20701D0D2
:105F40002022F7E7914657E00A2100E010214FF0A8
:105F5000000B00910BE010214FF0000B44F0040403
:105F60000827009103E008204FF0000B0090C4F3D5
:105F70000252022A05D058F8040B0021032A08D047
:105F800008E008F1070020F00702F2E8020190465D
:105F900003E080B2042A00D1C0B24FF0000922070A
:105FA0002AD53278702A07D0DDF800C08CF0100CAA
:105FB0005CEA0B0C05D00EE040228DF80420012293
:105FC00008E050EA010306D030238DF804308DF844
:105FD000052002229146009B83F0080353EA0B033D
:105FE0000AD150EA010201D1620705D530228DF8AD
:105FF00004204FF001097F1E3278582A04D039A2BC
:106000000C920CAA02920BE03BA2F9E75B46009AC5
:10601000FAF7D8F80C9B9B5C029A521E02921370FE
:1060200050EA0102F2D1029804A9081A00F1200BEB
:10603000600702D524F4803400E001275F4502DDCB
:10604000A7EB0B0000E0002000EB0B010090039891
:106050004944401A0390E00306D453462146179A58
:10606000039800F0A9F90544002706E001A852466C
:10607000C05D179990476D1C7F1C4F45F6DBE00310
:106080000CD553462146179A039800F095F905441C
:1060900004E030205246179990476D1C0099481E25
:1060A00000900029F5DC08E0029802995246007839
:1060B000491C0291179990476D1CBBF10001ABF18F
:1060C000010BF1DC5BE100F065F90544761C3078EA
:1060D00000287FF40DAE19B02846BDE8F08F00000F
:1060E00009280100303132333435363738396162AE
:1060F0006364656600000000303132333435363772
:10610000383941424344454600000000600700D44E
:10611000062708F1070020F00700F0E80223804678
:1061200003F0004C5FEA0C0001D097A009E02005C5
:1061300001D596A005E0E00701D095A001E0AFF2FF
:106140004C001390307823F0004365280CD006DC17
:10615000452809D046281DD047287FD13BE0662836
:1061600018D067287AD136E00021112F01DB1120E9
:1061700000E0781CCDE9000104A90CA8FFF7EEFCB3
:10618000DDE90D010C9A4FF0000B07F101091092A7
:1061900000914EE04FF000400097CDE9011004A9B6
:1061A0000CA8FFF7DBFCDDE90D020C9B0F994FF00B
:1061B000000B91461093009211B9791C00EB010974
:1061C000B7EB090003D4C0F1FF3B07F10109A9EBCC
:1061D0000700019042E0012F00DA01270021112F72
:1061E00001DD112000E03846CDE9000104A90CA82A
:1061F000FFF7B4FCDDE90D010C9A00914FF0000BA4
:10620000B946109221070FD4009A4A4503DA914605
:1062100001E0A9F10109B9F1010F05DD109AA9F119
:106220000101515C3029F4D0B84202DA10F1040FB8
:1062300003DA0121CDE9011010E0002803DC8344DA
:10624000A9EB000102E0411C494500DD8946A0EBB5
:106250000B00401C01904FF000400290200705D435
:106260000198484502DB4FF0FF30019000208DF887
:106270004B0002980DF14B07B0F1004F25D00220E2
:106280000C902B200D90029800280CDA40420290CE
:106290002D200D9007E00A210298FAF7FBF9303122
:1062A000029007F8011D0C99481E0C900029F2DCA1
:1062B00002980028EFD1791E0D980870307800F010
:1062C000200040F0450007F8020D11A8C01BC01DBA
:1062D00002901398007800B1012000EB09010198A9
:1062E00001EBE071029801440398401A401E0390AC
:1062F000E00306D453462146179A039800F05CF851
:1063000005441398007818B15246179990476D1CB0
:10631000E00323D553462146179A039800F04CF822
:1063200005441BE0BBF1000F07DB0098584504DD76
:106330001098179910F80B0001E017993020524679
:10634000904701980BF1010B401E05F101050190EA
:1063500004D12E205246179990476D1CB9F10001C7
:10636000A9F10109DEDC05E017F8010B5246179987
:1063700090476D1C0299481E02900029F4DC534698
:106380002146179A03989EE62D0000002B0000007E
:10639000200000002DE9F041044600251E46174666
:1063A000880404D405E039462020B0476D1C641EE3
:1063B000F9D52846BDE8F0812DE9F04104460025D5
:1063C0001E469046C80301D5302700E020278804E8
:1063D00004D505E041463846B0476D1C641EF9D52A
:1063E0002846BDE8F0814A68002A06D00A68531C96
:1063F0000B6010704868401E4860704770B52DED06
:10640000048B0446002C60D1694890ED020A69486B
:1064100080ED000A90ED000A6748D0ED000A30EEEA
:10642000600AB5EEC00AF1EE10FA24D890ED000A29
:106430006048D0ED000A30EE600ADFED600A20EE21
:10644000200A10EE101A0846FAF7DDF841EC190B95
:106450009FED5B0B53EC102BFAF71DF841EC180B7A
:10646000FAF7B8F8054601232A4614214FF4FA60DA
:1064700001F0CCF924E04F4890ED000A4E48D0EDF1
:10648000000A30EE600ADFED4D0A20EE200A10EE21
:10649000101A0846FAF7B7F841EC190B9FED480BB4
:1064A00053EC102BF9F7F7FF41EC180BFAF792F8C1
:1064B000054601232A4614214FF4FA6001F028F919
:1064C0004FF47A70FBF714F86FE004F15A000028DB
:1064D0006BD1374890ED020A364880ED000A90ED06
:1064E000000ADFED390A30EE200A3348D0ED000A09
:1064F00030EE600AB5EEC00AF1EE10FA29D82D4848
:1065000090ED000ADFED300A30EE200A2A48D0ED87
:10651000000A30EEC00ADFED290A20EE200A10EE54
:10652000101A0846FAF76FF841EC190B9FED240B8F
:1065300053EC102BF9F7AFFF41EC180BFAF74AF8C0
:10654000054601232A4614214FF4FA6001F05EF952
:1065500028E0184890ED000ADFED1B0A30EE200A13
:106560001548D0ED000A30EE600ADFED140A20EE87
:10657000200A10EE101A0846FAF745F841EC190BFC
:106580009FED0F0B53EC102BF9F785FF41EC180B27
:10659000FAF720F8054601232A4614214FF4FA6041
:1065A00001F0B6F8C820FAF7A3FFBDEC048B70BD6C
:1065B000F00A0020F4000020F000002000188D45B3
:1065C00000000000008056400000B44210B53020AA
:1065D0002C490870342048703920887000202A49DE
:1065E000087043E000202949087015E0002409E004
:1065F000244801194FF47A7301222548FDF72EF93A
:10660000601CC4B2032CF3DB20480078012800D1C1
:1066100006E00520FAF76CFF1C4800780028E5D05A
:1066200000BF1A48007801281BD1174800780128BC
:1066300017D118480078022813DC17480078022880
:106640000FDC01F02CF91348007814490870124847
:1066500000781349087000200C4908700A49087036
:1066600005E0002009490870FEF752F8BAE700BFBC
:106670000420FDF725FA0020064908700649087035
:1066800010BD0000E2000020EC00002068000020A7
:10669000600600206600002067000020F80000204F
:1066A000F900002010B530202C49087035204870C2
:1066B0003920887000202A49087043E000202949C9
:1066C000087015E0002409E0244801194FF47A739A
:1066D00001222548FDF7C2F8601CC4B2032CF3DB8D
:1066E00020480078012800D106E00520FAF700FFD5
:1066F0001C4800780028E5D000BF1A48007801281F
:106700001BD117480078012817D1184800780F28A6
:1067100013DC174800780F280FDC01F0C0F813488D
:106720000078144908701248007813490870002056
:106730000C4908700A49087005E0002009490870F2
:10674000FDF7E6FFBAE700BF0420FDF7B9F9002026
:10675000064908700649087010BD0000E5000020D9
:10676000EC00002068000020600600206600002089
:1067700067000020F8000020F900002070B50446F2
:10678000302098490870601E9749085C9549487008
:1067900039208870002095490870954908709549FE
:1067A000087095490870954908707EE0002092496C
:1067B000087015E0002509E08A4841194FF47A7302
:1067C00001228F48FDF74AF8681CC5B2032DF3DBA0
:1067D00089480078012800D106E00520FAF788FEF4
:1067E000854800780028E5D000BF012C01D0052C99
:1067F0005BD181480078012852D17E48007800287A
:106800004ED07A4800780C284ADC794800780C2869
:1068100046DC6420FAF76CFE15E0002509E07148BB
:1068200041194FF47A7301227548FDF717F8681C77
:10683000C5B2032DF3DB70480078012800D106E0D3
:106840000520FAF755FE6C4800780028E5D000BF17
:1068500069480078012823D16648007800B363486E
:1068600000780C281CDC624800780C2818DC01F049
:1068700016F85E480078634908705D480078624900
:106880000870002059490870594908705949087022
:1068900059490870594908700420FDF711F909E0B9
:1068A000002055490870FEF71BF8012C3FF47EAF1D
:1068B000052CFBD000BF00F0F2FF8BE000204E491A
:1068C00008704A4908704A49087015E0002509E037
:1068D000444841194FF47A7301224948FCF7BEFF3E
:1068E000681CC5B2032DF3DB43480078012800D1B2
:1068F00006E00520FAF7FCFD3F4800780028E5D0C7
:1069000000BF601E3849095C404800783030814241
:1069100060D13948007801285CD1364800780028D9
:1069200058D032480078322854DC31480078322878
:1069300050DC36480078364908550420FDF7C0F889
:1069400040F65E3000F032FB42F62442F02141F284
:10695000883000F0C5FFC820FAF7CAFD012140F2D7
:106960002C5000F09FFB4FF49660FAF7C1FD42F205
:106970006022F02141F2883000F0B2FF4FF4C8707D
:10698000FAF7B6FD40F62A0000F010FB012C01D00A
:10699000052C04D140F2AC6000F036FB10E0022C74
:1069A00001D0062C04D14FF44A7000F02DFB07E013
:1069B000032C01D0072C03D14FF4236000F024FBFB
:1069C00000200A4908700A4908700A4908700A49F3
:1069D000087000E072E700BF072C02D10020FFF72B
:1069E0000DFD70BDDF000020360000206200002099
:1069F000630000206100002064000020EC00002003
:106A000060060020F8000020F9000020600000204F
:106A1000D9000020012805D10D490978491C0C4AEC
:106A2000117004E00A490978491E094A11700849A1
:106A30000978042903DD0121054A117006E00449A3
:106A40000978012902DA0421014A11707047000017
:106A5000BC0000203EB50446F248007870B9532CC3
:106A60000CD10120EF490870EF4801780078401CF4
:106A7000ED4A1070ED4820F81140D1E1E948007866
:106A800001280ED1542C0CD10220E6490870E648AA
:106A900001780078401CE44A1070E44820F8114066
:106AA000BEE1E0480078022876D1DF48017800781E
:106AB000401CDD4A1070DD4820F811401046007877
:106AC0000928DADB452CD8D10020D64908700120EE
:106AD000D74908700020114608700120D549087078
:106AE000D2488088462879D008DC41280FD0422837
:106AF0007AD0432874D044286FD1D4E0472870D08E
:106B000048286FD049286ED05228F5D16DE1C7488A
:106B10004089312806D0322818D0332821D0342893
:106B20005AD145E0C14800894E2805D1002140F2E4
:106B30002C5000F0B7FA08E0BC480089572804D16F
:106B4000002140F67C3000F0ADFA45E0B749898974
:106B5000B64AD2894FF4807303FB021000F054FA56
:106B60003AE0B24800894A2804D140F65E3000F08D
:106B70000BFA1CE0AD480089532804D140F62A00E6
:106B800000F002FA13E0A9480089492805D140F233
:106B9000A46000F0F9F90AE033E1A4498989A34A25
:106BA000D2894FF4807303FB021000F0EDF913E07B
:106BB0009E480089442805D1002140F6B83000F0F5
:106BC00039FA08E099480089552804D100214FF48A
:106BD000166000F02FFA00BF00BF11E1D7E003E01C
:106BE00015E0ECE0DBE0D9E09048C088502806D002
:106BF000522807D0592808D100F0C3FF05E000F063
:106C0000BFFF02E0FDF7FAFB00BF00BFF8E08748D6
:106C100040893138162844D2DFE800F00B0F1317F3
:106C20001B1F23272B434343434343432F33373B0C
:106C3000433F01208049088033E001207F490880DC
:106C40002FE001207E4908802BE001207D4908804B
:106C500027E001207C49088023E001207B4908804F
:106C60001FE001207A4908801BE001207949088053
:106C700017E001207849088013E001207749088057
:106C80000FE00120764908800BE00120754908805B
:106C900007E001207449088003E00120734908805F
:106CA00000BF00BFACE06148008930286DD15F486B
:106CB0004089352869D15D48808955281BD15B48BA
:106CC000C08931280FD101206949088000204FF484
:106CD000FA72CDE9002014236422012102900520DC
:106CE000F9F7E9FE52E05148C08930284ED1002022
:106CF0005F4908804AE04D48808944281BD14B48B1
:106D0000C08931280FD101205A49088000204FF452
:106D1000FA72CDE900201423642201460290052076
:106D2000F9F7C9FE32E04148C08930282ED1002051
:106D3000504908802AE03D488089302809D13B48E5
:106D4000C089302805D1002211460520F9F77CFEC4
:106D50001CE036488089312809D13448C08931285F
:106D600005D1002201210520F9F76EFE0EE02F4823
:106D7000808941280AD12D48C089412806D10022A6
:106D800002210520F9F77DFE00E000BF38E027482A
:106D90004089312801D100F0B7FE31E030E02348CE
:106DA0004089312803D1012000F092FA06E01F4803
:106DB0004089302802D1002000F08AFA20E01B48E8
:106DC000C088542810D11948008949280CD1174887
:106DD0004089412808D1154880894F2804D113489B
:106DE000C0893038244908800AE010488089312859
:106DF00005D10E48807B21490870FDF7D7FE00BF02
:106E00000EE000200749087007490870002505E0DA
:106E10000020064921F81500681CC5B20A2DF7DBD1
:106E20003EBD00006A00002069000020FC0A00202E
:106E30006B0000203E000020180000201A000020F7
:106E40001C0000201E000020200000202200002046
:106E50002400002026000020280000202C00002014
:106E60002E00002030000020320000202A000020E8
:106E70001400002016000020340000203001002003
:106E800070B504460025012C00D102E0022C00D18F
:106E900004253C49A81C085C3038012804D002288D
:106EA0000BD003281BD111E0002342F20F326421E2
:106EB0004FF47A6000F072FB11E0002342F6AE223C
:106EC00064214FF47A6000F069FB08E0002343F28C
:106ED0004E2264214FF47A6000F060FB00BF00BFD7
:106EE0004FF49670FAF704FB42F26C02F02141F283
:106EF000883000F0F5FC40F6C410FAF7F9FA0420E7
:106F0000FCF7DEFD00F0BEFC40F2A460FAF7F0FAF8
:106F10000420FCF7D5FD1B48405D3038012804D023
:106F200002280FD0032827D119E0002343F2491289
:106F300064214FF47A6000F031FB4FF4FA70FAF7F5
:106F4000D7FA19E0002342F6AA1264214FF47A60BE
:106F500000F024FB4FF4FA70FAF7CAFA0CE00023B1
:106F600042F20B2264214FF47A6000F017FB4FF4D9
:106F7000FA70FAF7BDFA00BF00BF0420FCF7A0FDCD
:106F800070BD00003600002040F65E31884201D31B
:106F9000084604E040F2A461884200D8084602494D
:106FA0000968C863704700008001002070B504467E
:106FB00040F65E30844210D140F6822506E0284635
:106FC000FFF7E2FF0120FAF793FA6D1C40F65E30FE
:106FD0008542F4D9FFF7D8FF15E040F62A00844235
:106FE00011D140F65E3506E02846FFF7CDFF0120BF
:106FF000FAF77EFA6D1E40F696208542F4D240F6EE
:107000002A00FFF7C1FF70BD10B50446002004E060
:10701000064941F82040411CC8B20528F8DB052389
:10702000024A04210248FBF757FE10BD6C0B0020FA
:10703000800100207CB505460C4640F6B8308542FC
:1070400012D1002000904FF461731A46DFED110A4F
:10705000BFEE000A022101900F48F9F733FFC4B1D7
:10706000C820FAF745FA14E0B5F5166F11D10020E3
:1070700000904FF4FA731A46DFED080A9FED080AF4
:10708000022101900448F9F71DFF14B1C820FAF756
:107090002FFA7CBD00000243382F002000005C4323
:1070A000000034427CB505460C4640F67C308542F3
:1070B00013D1002000904FF4E1631422DFED120A97
:1070C0009FED120A032101901148F9F7FBFED4B19C
:1070D0004FF47A70FAF70CFA15E040F22C50854222
:1070E00011D1002000904FF4E1631422DFED060A75
:1070F0009FED080A032101900548F9F7E3FE14B15A
:10710000C820FAF7F5F97CBD00007043000012C3F7
:10711000382F00200000084201460022082964D0D0
:1071200007DC08291ED2DFE801F0B0131E29343F26
:107130004A5543296FD006DC092961D041296DD019
:1071400042290FD175E0442967D04629F9D191E051
:1071500051480088012801D1012200E000220020CE
:107160004D4B188091E04D480088012801D1012243
:1071700000E000220020494B188086E04848008843
:10718000012801D1012200E000220020444B188098
:107190007BE044480088012801D1012200E0002260
:1071A0000020404B188070E03F480088012801D142
:1071B000012200E0002200203B4B188065E03B48A4
:1071C0000088012801D1012200E000220020374B75
:1071D00018805AE036480088012801D1012200E0D9
:1071E00000220020324B18804FE0324800880128EE
:1071F00001D1012200E0002200202E4B188044E043
:107200002D480088012801D1012200E00022002041
:10721000294B188039E017E000E020E0274800887B
:10722000012801D1012200E000220020234B188018
:107230002BE023480088012801D1012200E0002230
:1072400000201F4B188020E01E480088012801D133
:10725000012200E0002200201A4B188015E01A4895
:107260000088012801D1012200E000220020164BF5
:1072700018800AE015480088012801D1012200E0A9
:1072800000220020114B188000BF00BF012A01D14D
:10729000012070470020FCE7180000201A000020A1
:1072A0001C0000201E0000202000002022000020E2
:1072B0002400002026000020280000202C000020B0
:1072C0002E00002030000020320000202A00002084
:1072D00010B50446012C0AD1012202210948FAF70F
:1072E00015FA012211460748FAF710FA09E00022C0
:1072F00002210448FAF70AFA002201210148FAF7AC
:1073000005FA10BD0004024010B50446024804709E
:10731000FDF74CFC10BD00003001002070B50446A4
:107320000D46012C07D141F2B442F02141F28830E0
:1073300000F0D6FA08E0022C06D142F63C02F02119
:1073400041F2883000F0CCFA012140F6B830FFF766
:1073500071FE4FF4FA70FAF7CBF8012C0BD140F222
:10736000C712F02141F2883000F0BAFA4FF42F70C2
:10737000FAF7BEF80CE0022C0AD141F2D472F021E7
:1073800041F2883000F0ACFA4FF4FA70FAF7B0F836
:1073900040F62A00FFF70AFE6420FAF7A9F8012D4B
:1073A00004D140F2AC60FFF72FFE0CE0022D04D1B7
:1073B0004FF44A70FFF728FE05E0032D03D14FF488
:1073C0002360FFF721FE70BDFAF7B8F9FDF732FD33
:1073D000FCF716FCFCF7D0FBFCF7B8FFFCF7D2FF7C
:1073E000FCF798FFFCF75EFFFCF7E2FDFCF732FFCD
:1073F000FCF796FEFCF708FDFCF770FDFCF76EFF4E
:10740000FCF7DCFFFCF712FEFCF74EFEFCF7AEFECD
:10741000FCF7D2FC012253495348FCF785F90122BD
:1074200052495348FCF780F9012252495248FCF76F
:107430007BF9012251495248FCF776F90122514962
:107440005148FCF771F9012250495148FCF76CF999
:1074500008215048FBF7BAFBFDF798F8FDF71CF838
:10746000FDF7F2F800F0B2FC7AE06EE00120FFF7E1
:1074700053FE012802D100F063FC66E00220FFF712
:107480004BFE012802D100F083FC5EE00320FFF7F1
:1074900043FE012802D100F07CFC56E00420FFF7F7
:1074A0003BFE012802D100F075FC4EE00520FFF7FD
:1074B00033FE012802D100F03DFA46E00620FFF736
:1074C0002BFE012802D101F03BFB3EE00720FFF735
:1074D00023FE012802D1FFF7D3FC36E00820FFF796
:1074E0001BFE012802D101F055FB2EE00920FFF719
:1074F00013FE012802D100F04EFC26E04120FFF7E8
:107500000BFE012802D100F0D7FF1EE04220FFF75A
:1075100003FE012802D100F0BDFC16E04320FFF776
:10752000FBFD012802D101F019F80EE04420FFF71D
:10753000F3FD012802D100F049FC06E04620FFF7E8
:10754000EBFD012801D100F083FC134800880228DC
:107550008CD001E0FCF752FF0F4800880128F9D0D9
:1075600083E70000430000201806002044000020AC
:107570006006002045000020D005002046000020C5
:10758000400500204700002088050020480000201A
:10759000A80600208001002034000020FEB505462A
:1075A0000E4614461F460120002133462A46CDE9E7
:1075B000004102900146F9F77EFA1420F9F798FF8E
:1075C0000120002133462A46CDE9004102900220E5
:1075D000F9F771FA1420F9F78BFF012000213346E7
:1075E0002A46CDE90041029001460320F9F763FAEB
:1075F0001420F9F77DFF0120002133462A46CDE90A
:10760000004102900420F9F756FA1420F9F770FFB0
:107610000020F9F7A0FAFEBDFEB505460E46144659
:107620001F460120002133462A46CDE90041029041
:10763000F9F741FA1420F9F75BFF012000213346E6
:107640002A46CDE90041029001460220F9F733FABB
:107650001420F9F74DFF0120002133462A46CDE9D9
:10766000004102900320F9F726FA1420F9F740FFB1
:107670000120002133462A46CDE90041029001460F
:107680000420F9F718FA1420F9F732FF0020F9F76F
:1076900062FAFEBDFEB505460E4614461F460120A1
:1076A000002133462A46CDE9004102900146F9F710
:1076B00002FA1420F9F71CFF0120002133462A4664
:1076C000CDE90041029001460220F9F7F4F91420B7
:1076D000F9F70EFF0120002133462A46CDE900418B
:1076E00002900320F9F7E7F91420F9F701FF0120D0
:1076F000002133462A46CDE9004102900420F9F7E3
:10770000DAF91420F9F7F4FE0020F9F724FAFEBDA7
:10771000FEB505460E4614461F460120002133469D
:107720002A46CDE9004102900146F9F7C4F9142038
:10773000F9F7DEFE0120002133462A46CDE900415B
:10774000029001460220F9F7B6F91420F9F7D0FEAD
:107750000120002133462A46CDE90041029001462E
:107760000320F9F7A8F91420F9F7C2FE012000213F
:1077700033462A46CDE90041029001460420F9F73C
:107780009AF91420F9F7B4FE0020F9F7E4F9FEBDE8
:10779000FEB505460E4614461F460120002133461D
:1077A0002A46CDE900410290F9F785F91420F9F74E
:1077B0009FFE0120002133462A46CDE90041029078
:1077C0000220F9F778F91420F9F792FE0120002140
:1077D00033462A46CDE90041029001460320F9F7DD
:1077E0006AF91420F9F784FE0120002133462A4665
:1077F000CDE90041029001460420F9F75CF914201C
:10780000F9F776FE0020F9F7A6F9FEBDFEB50546AC
:107810000E4614461F460120002133462A46CDE974
:1078200000410290F9F747F91420F9F761FE0120B1
:10783000002133462A46CDE9004102900220F9F7A3
:107840003AF91420F9F754FE0120002133462A4664
:10785000CDE9004102900320F9F72DF91420F9F742
:1078600047FE0120002133462A46CDE9004102901F
:107870000420F9F720F91420F9F73AFE0020F9F76F
:107880006AF9FEBD10B5002341F2A312642140F64F
:10789000B830FFF7BBFF0120FFF7BCF810BD10B5F3
:1078A00001210846F9F73DF90C20F9F721FE0121E5
:1078B0000220F9F736F90C20F9F71AFE012103200E
:1078C000F9F72FF90C20F9F713FE01210420F9F73D
:1078D00028F90C20F9F70CFE0020F9F73CF910BD4F
:1078E000FEB505460E46144642F62440844201D3B6
:1078F000044601E004B900240020012133462A4651
:10790000CDE9004102900520F9F7D5F8FEBD000051
:1079100010B504A10648FDF7CBFF02A10448FDF70E
:10792000C7FF10BD70616765203134FFFFFF0000A5
:107930001806002010B531204349087033204870E4
:1079400032208870087133204871312088710020FE
:10795000FFF7BEFC00F015F94FF4FA70F9F7C8FD17
:107960003A4890ED020A3A4880ED000A002340F6BA
:10797000292264214FF47A60FFF78CFE012140F642
:10798000B830FFF757FB40F62A00FFF7FDFA40F248
:107990004C40F9F7ADFD0420FCF792F800F0B4F884
:1079A000002342F2DF6264214FF47A60FFF734FE75
:1079B00040F6FC00F9F79CFD0420FCF781F84FF439
:1079C000FA70F9F795FD17E000234FF4C3726421B4
:1079D0004FF47A70FFF720FE4FF41670F9F788FD28
:1079E00000234FF4C37264214FF47A70FFF7D6FD81
:1079F0004FF41670F9F77CFD1348C0782B28E3D1BB
:107A0000002342F2913264214FF47A60FFF704FEC2
:107A10004FF4FA70F9F76CFD0E48F021026841F25C
:107A20008830FFF75DFF6420F9F762FD012140F621
:107A30007C30FFF737FB4FF44870F9F759FD04200D
:107A4000FCF73EF810BD000036000020F00A0020D0
:107A5000F0000020E800002010B50446C820F9F727
:107A600047FD4FF4CD72F02141F28830FFF738FF27
:107A70004FF4C870F9F73CFD40F65E30FFF796FA18
:107A800042F65C32F02141F28830FFF729FF4FF4D3
:107A90009670F9F72DFD012140F22C50FFF702FB03
:107AA000C820F9F725FD032C07D100234FF44372BA
:107AB00028214FF47A60FFF7EDFD40F2A460F9F75A
:107AC00017FD42F26022F02141F28830FFF708FFF3
:107AD000C820F9F70DFD40F62A00FFF767FA012CE0
:107AE00004D140F2AC60FFF78FFA0CE0022C04D115
:107AF0004FF44A70FFF788FA05E0032C03D14FF4E6
:107B00002360FFF781FA10BD10B5002409E0064894
:107B100001194FF47A7301220448FBF79FFE601CA1
:107B2000C4B2092CF3DB10BDD00000208805002072
:107B300010B5002409E0064801194FF47A730122B8
:107B40000448FBF78BFE601CC4B2052CF3DB10BDB0
:107B5000A3000020D005002010B5002409E006484D
:107B600001194FF47A7301220448FBF777FE601C79
:107B7000C4B2052CF3DB10BD9E000020D005002010
:107B8000704710B5FFF7E8FF002000E0401C43F607
:107B900098218842FAD9FBF7C1FE002000E0401C82
:107BA00043F698218842FAD9FFF7C2FF10BD0000C2
:107BB00070B504465448007870B92C2C0CD10120C3
:107BC00051490870514801780078401C4F4A1070A4
:107BD0004F4820F8114096E04B48007801280ED11C
:107BE000122C0CD1022048490870484801780078CE
:107BF000401C464A1070464820F8114083E0424835
:107C00000078022870D1414801780078401C3F4A32
:107C100010703F4820F8114010460078082872DBA9
:107C2000FF2C70D1002038490870012039490870B4
:107C300000201146087036488088012828D1344831
:107C40008079354908703248007A344908703048E4
:107C5000807A334908702E48007B32490870012031
:107C6000314908702A48C088012804D0022806D06B
:107C700003280CD107E00120FBF722FF07E00220D8
:107C8000FBF71EFF03E00320FBF71AFF00BF26E00F
:107C90001F48808802280FD11D48007A23490870A8
:107CA0001B48807A224908701948007B21490870D6
:107CB00001202149087012E01548808803280ED160
:107CC0001348007A194908701148807A18490870D9
:107CD0000F48007B174908700120174908700120E0
:107CE000164908700FE0FFE70020074908700749B0
:107CF0000870002505E00020054921F81500681CE2
:107D0000C5B2082DF7DB70BD6D0000206C000020AF
:107D1000100B00206E000020600000206100002099
:107D20006200002063000020640000206500002045
:107D30006600002067000020680000203F0000204F
:107D400010B50020FFF7C4FAFFF71BFF4FF4FA70DD
:107D5000F9F7CEFB0B4890ED020A0B4880ED000AC4
:107D6000012140F6B830FFF765F940F62A00FFF729
:107D70000BF90648F021026841F28830FFF7B0FDA8
:107D800010BD0000F00A0020F0000020E8000020F4
:107D900070477047704710B5FFF774FD4FF4FA60F5
:107DA000F9F7A6FBFFF76EFD4FF4FA60F9F7A0FBB9
:107DB000FFF768FD4FF4FA60F9F79AFBFFF762FDF1
:107DC0004FF4FA60F9F794FB10BD000010B5F9F715
:107DD0003EF90120FFF77CFA0020FFF795FAFFF744
:107DE0005EFD01214FF41660FFF724F940F2A46014
:107DF000FFF7CAF8C820F9F77BFB002140F22C50AE
:107E0000FFF750F94FF42360FFF7FEF84FF41670B8
:107E1000F9F76EFB002202210520F8F732FE4FF43D
:107E20002F60F9F765FB0420FBF74AFEFFF770FDB2
:107E3000312006490870332048703220887008715C
:107E4000332048713120887110BD000036000020B9
:107E500010B5FFF76FFD012000F02EFB00F070FE63
:107E6000012000F017F80120FFF70AF8012000F0C8
:107E700075FB00F08FFE022000F01EFB00F060FE9C
:107E8000022000F007F80220FEF7FAFF022000F0BF
:107E900065FB10BD70B505468020FFF735FA00245C
:107EA000012D00D102E0022D00D10424FFF7EAFCED
:107EB0003C20F9F71DFB42F26C02F02141F28830C0
:107EC000FFF70EFD4FF49670F9F712FB40F65E30A7
:107ED000FFF76CF86420F9F70BFB42F65C32F021F7
:107EE00041F28830FFF7FCFCC820F9F701FB0121C3
:107EF0004FF41660FFF79EF8002140F67C30FFF744
:107F0000D1F84FF4C870F9F7F3FAFE48005D303845
:107F1000012804D002280ED0032819D10CE0002338
:107F200040F29F7228214FF47A60FFF737FB32202E
:107F3000F9F7DEFA0CE00BE0002340F29F722821F3
:107F40004FF47A60FFF768FB3220F9F7D1FA00BFEF
:107F500000BF6422F02141F28830FFF7C1FC4FF4EA
:107F60009660F9F7C5FA0420FBF7AAFDFEF72EFB91
:107F700001210846FFF7D2F9012140F22C50FFF70A
:107F800091F842F26C02F02141F28830FFF7A8FC30
:107F90006420F9F7ADFADB49601C085C3038012831
:107FA00004D002281FD0032857D139E0D548005DFE
:107FB000303802280BD1002340F29F7228214FF461
:107FC0007A60FFF7EBFA1420F9F792FA45E0002304
:107FD00040F63E7228214FF47A60FFF7DFFA142052
:107FE000F9F786FA39E0C748005D303801280BD12F
:107FF000002340F29F7228214FF47A60FFF70CFBB8
:108000001420F9F775FA28E0002340F29F72282126
:108010004FF47A60FFF7C2FA1420F9F769FA1CE00E
:10802000B848005D303801280BD1002340F63E727D
:1080300028214FF47A60FFF7EFFA1420F9F758FA85
:108040000BE0002340F29F7228214FF47A60FFF783
:10805000E3FA1420F9F74CFA00BF00BF4FF4167092
:10806000F9F746FA40F65E30FEF7A0FF6420F9F714
:108070003FFA42F65C32F02141F28830FFF730FCE3
:10808000C820F9F735FA01214FF41660FEF7D2FF48
:10809000002140F67C30FFF705F84FF4FA70F9F74D
:1080A00027FA6422F02141F28830FFF719FC4FF4DF
:1080B0007A70F9F71DFAFEF789FA02210120FFF71D
:1080C0002DF9012140F22C50FEF7ECFF42F26C0238
:1080D000F02141F28830FFF703FC6420F9F708FA39
:1080E0008849601C085C3038012804D002281FD061
:1080F000032857D139E08348005D303802280BD17E
:10810000002340F63E7228214FF47A60FFF784FA8C
:108110001420F9F7EDF945E0002340F29F72282181
:108120004FF47A60FFF778FA1420F9F7E1F939E0B3
:108130007448005D303801280BD1002340F29F7253
:1081400028214FF47A60FFF767FA1420F9F7D0F985
:1081500028E0002340F29F7228214FF47A60FFF755
:108160001DFA1420F9F7C4F91CE06648005D3038A8
:1081700001280BD1002340F29F7228214FF47A602E
:10818000FFF70CFA1420F9F7B3F90BE0002340F6DF
:108190003E7228214FF47A60FFF700FA1420F9F7B5
:1081A000A7F900BF00BF4FF41670F9F7A1F940F628
:1081B0005E30FEF7FBFE6420F9F79AF942F65C3276
:1081C000F02141F28830FFF78BFBC820F9F790F9D6
:1081D00001214FF41660FEF72DFF002140F67C30A0
:1081E000FEF760FF4FF4FA70F9F782F96422F0218C
:1081F00041F28830FFF774FB4FF47A70F9F778F9A1
:10820000FEF7E4F903210120FFF788F83D49601CDF
:10821000085C3038012804D0022821D003285DD121
:108220003DE03848005D303802280CD1002340F290
:108230009F7250214FF47A60FFF7B0F94FF49670B7
:10824000F9F756F94AE0002340F29F7250214FF4AB
:108250007A60FFF7E1F94FF49670F9F749F93DE0DC
:108260002848005D303801280CD1002340F63E72CA
:1082700050214FF47A60FFF791F940F28A20F9F724
:1082800037F92BE0002340F63E7250214FF47A601C
:10829000FFF7C2F940F28A20F9F72AF91EE01948DF
:1082A000005D303801280CD1002340F29F7250212C
:1082B0004FF47A60FFF772F94FF49670F9F718F9F6
:1082C0000CE0002340F29F7250214FF47A60FFF7D8
:1082D000A3F94FF49670F9F70BF900BF00BF012026
:1082E000FFF7BAFB002140F67C30FEF7DBFE0549C4
:1082F000601C085C3038012806D0022823D00328EF
:108300005FD13FE0360000206A48005D3038022827
:108310000CD1002340F29F7250214FF47A60FFF796
:108320003DF94FF49670F9F7E3F84AE0002340F680
:108330003E7250214FF47A60FFF730F940F28A2004
:10834000F9F7D6F83DE05B48005D303801280CD1E4
:10835000002340F29F7250214FF47A60FFF75CF9DE
:108360004FF49670F9F7C4F82BE0002340F29F72A7
:1083700050214FF47A60FFF711F94FF49670F9F736
:10838000B7F81EE04B48005D303801280CD10023BF
:1083900040F63E7250214FF47A60FFF73DF940F20B
:1083A0008A20F9F7A5F80CE0002340F29F725021D3
:1083B0004FF47A60FFF730F94FF49670F9F798F8B8
:1083C00000BF00BF0220FFF747FB002140F67C30D2
:1083D000FEF768FE3749601C085C3038012804D07D
:1083E000022821D003285DD13DE03248005D3038BD
:1083F00002280CD1002340F63E7228214FF47A6007
:10840000FFF70AF940F28A20F9F772F84AE00023F0
:1084100040F29F7250214FF47A60FFF7FDF84FF45D
:108420009670F9F765F83DE02248005D3038012884
:108430000CD1002340F29F7250214FF47A60FFF775
:10844000EBF84FF49670F9F753F82BE0002340F265
:108450009F7250214FF47A60FFF7A0F84FF49670A6
:10846000F9F746F81EE01348005D303801280CD1BA
:10847000002340F29F7250214FF47A60FFF78EF88C
:108480004FF49670F9F734F80CE0002340F63E7292
:1084900050214FF47A60FFF781F840F28A20F9F713
:1084A00027F800BF00BF0320FFF7D6FA0420FBF730
:1084B00007FB70BD3600002070B504468020FEF733
:1084C00023FF0025012C00D102E0022C00D104255D
:1084D000012C07D100234FF4C37228214FF47A6096
:1084E000FFF756F940F69C10FEF74EFD691CC8B226
:1084F000FEF744F91848F021026841F28830FFF78E
:10850000EFF93220F8F7F4FF012140F67C30FEF756
:10851000C9FD40F69C10FEF737FDA91CC8B2FEF756
:108520002DF90D48F021026841F28830FFF7D8F9A3
:108530003220F8F7DDFF012140F67C30FEF7B2FD76
:1085400040F69C10FEF720FDE91CC8B2FEF716F9B4
:108550000020FEF7D9FE70BDE800002070B504468B
:108560000025012C00D102E0022C00D1042542F2AA
:108570006C02F02141F28830FFF7B2F94FF49670A7
:10858000F8F7B6FF40F65E30FEF710FD6420F8F70E
:10859000AFFF42F65C32F02141F28830FFF7A0F9DC
:1085A000C820F8F7A5FF01214FF41660FEF742FD41
:1085B000002140F67C30FEF775FD4FF4C870F8F7E7
:1085C00097FF012C06D16422F02141F28830FFF799
:1085D00087F908E0022C06D141F2EC32F02141F299
:1085E0008830FFF77DF94FF46170F8F781FF0420C0
:1085F000FBF766FA00234FF4C37264214FF47A60EC
:10860000FFF7C6F84FF42F70F8F772FF0420FBF75E
:1086100057FA012C02D1FDF7D9FF03E0022C01D15A
:10862000FEF740F801212046FEF778FE012140F2D6
:108630002C50FEF737FD42F26C02F02141F28830F7
:10864000FFF74EF96420F8F753FFB349681C085C44
:108650003038012804D002281FD0032857D139E030
:10866000AD48405D303802280BD1002340F29F72A4
:1086700064214FF47A60FEF791FF1420F8F738FF79
:1086800045E0002340F63E7264214FF47A60FEF725
:1086900085FF1420F8F72CFF39E09F48405D303803
:1086A00001280BD1002340F29F7264214FF47A60BD
:1086B000FEF7B2FF1420F8F71BFF28E0002340F27A
:1086C0009F7264214FF47A60FEF768FF1420F8F778
:1086D0000FFF1CE09048405D303801280BD100238B
:1086E00040F63E7264214FF47A60FEF795FF142045
:1086F000F8F7FEFE0BE0002340F29F7264214FF476
:108700007A60FEF789FF1420F8F7F2FE00BF00BF81
:108710004FF41670F8F7ECFE40F65E30FEF746FCBC
:108720006420F8F7E5FE42F65C32F02141F2883031
:10873000FFF7D6F8C820F8F7DBFE01214FF41660EA
:10874000FEF778FC002140F67C30FEF7ABFC4FF4DE
:10875000FA70F8F7CDFE012C06D16422F02141F227
:108760008830FFF7BDF808E0022C06D141F2EC3268
:10877000F02141F28830FFF7B3F84FF47A70F8F740
:10878000B7FE012C02D1FDF721FF03E0022C01D13D
:10879000FDF788FF02212046FEF7C0FD012140F2CF
:1087A0002C50FEF77FFC42F26C02F02141F288303F
:1087B000FFF796F86420F8F79BFE5749681C085CA1
:1087C0003038012804D002281FD0032857D139E0BF
:1087D0005148405D303802280BD1002340F63E72EC
:1087E00064214FF47A60FEF717FF1420F8F780FE3B
:1087F00045E0002340F29F7264214FF47A60FEF757
:108800000BFF1420F8F774FE39E04348405D303820
:1088100001280BD1002340F29F7264214FF47A604B
:10882000FEF7FAFE1420F8F763FE28E0002340F27A
:108830009F7264214FF47A60FEF7B0FE1420F8F7BF
:1088400057FE1CE03448405D303801280BD100232E
:1088500040F29F7264214FF47A60FEF79FFE14206D
:10886000F8F746FE0BE0002340F63E7264214FF419
:108870007A60FEF793FE1420F8F73AFE00BF00BFBF
:108880004FF41670F8F734FE40F65E30FEF78EFBBC
:108890006420F8F72DFE42F65C32F02141F2883078
:1088A000FFF71EF8C820F8F723FE01214FF41660E9
:1088B000FEF7C0FB002140F67C30FEF7F3FB4FF4DF
:1088C000FA70F8F715FE012C06D16422F02141F26E
:1088D0008830FFF705F808E0022C06D141F2EC32AF
:1088E000F02141F28830FEF7FBFF4FF47A70F8F781
:1088F000FFFD012C02D1FDF769FE03E0022C01D13E
:10890000FDF7D0FE03212046FEF708FD6FF0590069
:10891000FDF774FD70BD00003600002070B50546FF
:108920002E48007880B9012D02D0022D00D05DB90B
:1089300001202A4908702A4801780078401C284AFA
:1089400010702848455447E024480078012835D164
:10895000234801780078401C214A10702148455472
:1089600010460078042837DB00201C4908700120DD
:108970001D49087000201146087004221B4919483F
:10898000F7F763FC18B90120194908700CE00422BC
:1089900018491448F7F759FC18B90120164908700E
:1089A00002E0012015490870002404E000200D4970
:1089B0000855601CC4B2042CF8DB0DE00020074908
:1089C000087007490870002404E000200549085594
:1089D000601CC4B2042CF8DB70BD000092000020C3
:1089E0008D0000208E00002093000020B6000020A3
:1089F00002000020B2000020010000200000002042
:108A000070B505464348007868B9022D0BD10120A6
:108A100040490870404801780078401C3E4A107078
:108A20003E48455475E03B48007801280CD15DB9BB
:108A3000022038490870384801780078401C364ACE
:108A400010703648455464E032480078022816D148
:108A5000314801780078401C2F4A10702F48455447
:108A600010460078072854DB07222D492B48F7F7DA
:108A7000ECFB00284DD103202649087049E0254829
:108A80000078032837D1244801780078401C224A16
:108A900010702248455410460078401E1F49095C5A
:108AA0001046007808381F4A11541B4800780F28D8
:108AB0002FDB1DA12048FCF7FBFE002406E0E01D93
:108AC0001649085C17490855601CC4B2082CF6DB2F
:108AD000002404E0002011490855601CC4B20F2C8A
:108AE000F8DB00200B4908700120144908700020B1
:108AF000094908700DE00020064908700649087011
:108B0000002404E0002005490855601CC4B20F2C65
:108B1000F8DB70BD95000020940000203A0B002087
:108B2000970000203600002074322E7478743D22A5
:108B3000257322FFFFFF000018060020960000208A
:108B400010B5002341F2D54264214FF47A60FEF75C
:108B500025FD40F2A460F8F7CBFC0420FAF7B0FF43
:108B6000FEF790FE40F2A460F8F7C2FC0420FAF78A
:108B7000A7FF002345F66E1250214FF4FA60FEF76E
:108B80000DFD40F63C70F8F7B3FC0420FAF798FFAF
:108B900010BD000010B5334880783038012804D06B
:108BA00002280ED0032826D118E0002342F21752E3
:108BB00064214FF47A60FEF7F1FCC820F8F798FCC6
:108BC00019E0002342F6B74264214FF47A60FEF7C1
:108BD000E5FC4FF4C870F8F78BFC0CE0002343F27F
:108BE000564264214FF47A60FEF7D8FC4FF4487087
:108BF000F8F77EFC00BF00BF1B48F021026841F27D
:108C00008830FEF76DFE4FF41660F8F771FC042013
:108C1000FAF756FFFEF736FE40F2A460F8F768FC5C
:108C20000420FAF74DFF002341F2DD6264214FF486
:108C30007A60FEF7B3FC4FF4E160F8F759FC0420CA
:108C4000FAF73EFF002340F28A2228214FF47A608F
:108C5000FEF79EFD4FF44870F8F74AFC0420FAF73F
:108C60002FFF10BD36000020E8000020000610167F
:108C700000061016000000000000000001020304BE
:108C8000060708090000000001020304FF000000BD
:108C9000FF000000FF00FFFFFF00DC80D8007F6ABC
:108CA00000000000FFFFFFFE43650000CC8C0008C1
:108CB0000000002038010000A0080008608D0008B6
:108CC00038010020103200004C5B00088132104255
:108CD00001035D24F412531254124D12431A550429
:108CE0001A4F0C1AFF02D753544F4B454E2A028E8F
:108CF000300A3331FFAA6988B5FFAA2CFFAA76058E
:108D00001348011E01FD9F6B020459B0F1127E133E
:108D10000801450201ABCD000E1631323031393039
:108D20003439303539081B15FE43654C160AF90FE6
:108D3000AD801016209E2E24B8CE8EE3170DB222E1
:108D400022FF6347632612FF61101015A1C9385E28
:108D50000F32CD32A020F0DA3C5A44FFFFFF000072
:040000050800018965
:00000001FF
